Idade,Genero,Cor/raca/etnia,PCD,UF,Regiao onde mora,Nível de Ensino,Área de formação,Situação de trabalho
31,0,0,0,12,2,5,0,0
30,0,0,0,7,2,2,0,0
37,1,2,0,24,2,2,0,0
22,0,1,0,24,2,1,0,1
34,0,0,0,12,2,5,1,0
30,0,0,0,18,2,1,0,0
24,0,0,0,24,2,2,1,0
35,0,0,0,24,2,3,0,0
27,0,3,0,18,2,2,1,0
28,0,3,0,24,2,2,1,1
25,0,1,1,25,1,1,0,0
46,1,3,0,16,1,3,0,1
32,1,1,0,20,3,3,1,0
39,0,0,0,24,2,2,0,0
36,0,0,0,6,4,3,0,0
35,1,0,0,12,2,4,0,0
29,1,0,0,18,2,2,4,0
29,1,5,0,12,2,4,0,0
27,0,3,0,15,3,2,0,0
31,0,0,0,18,2,3,1,0
35,0,3,0,14,1,4,0,0
35,0,0,0,24,2,2,1,0
29,0,0,0,15,3,2,2,0
44,1,0,0,12,2,5,1,0
25,1,0,0,24,2,2,0,0
36,1,3,0,12,2,3,4,0
46,0,0,0,23,3,2,0,0
33,1,3,0,24,2,4,0,0
30,0,0,0,24,2,4,1,0
36,0,3,0,24,2,3,1,0
53,0,0,0,20,3,3,7,0
31,0,0,0,24,2,3,0,0
33,1,0,0,4,1,2,4,0
36,0,0,0,23,3,4,2,0
29,0,0,0,24,2,3,2,0
38,0,0,0,15,3,2,1,0
23,0,0,0,20,3,2,0,0
27,0,0,0,13,0,4,3,0
26,0,0,0,24,2,4,4,0
30,0,3,0,18,2,3,2,0
26,1,0,0,15,3,1,0,0
50,1,3,0,24,2,4,3,0
23,1,0,0,12,2,1,4,0
22,0,0,0,24,2,2,0,0
39,0,3,0,8,4,3,5,0
34,1,0,0,16,1,3,0,0
29,0,1,0,6,4,2,0,0
25,1,0,0,24,2,2,0,0
26,1,0,0,15,3,2,0,0
27,0,1,0,16,1,2,2,0
27,0,0,0,24,2,1,0,0
24,0,0,0,24,2,1,0,0
22,0,0,0,12,2,1,0,0
29,0,1,0,7,2,4,2,0
32,0,0,0,20,3,2,0,0
38,1,0,0,7,2,3,0,0
27,0,0,0,15,3,4,0,0
27,0,0,0,24,2,2,1,0
27,1,0,0,20,3,4,1,0
29,0,0,0,15,3,4,0,0
23,1,0,0,4,1,2,4,1
23,0,1,0,20,3,1,2,0
26,0,0,0,10,4,2,2,0
33,0,2,0,24,2,3,2,0
24,0,0,0,18,2,2,2,0
26,1,0,0,18,2,2,2,0
28,0,0,0,24,2,2,2,0
37,1,0,0,20,3,3,0,0
33,0,0,0,15,3,2,1,0
25,0,0,0,17,1,1,1,1
30,0,0,0,20,3,4,0,0
43,0,3,0,15,3,3,1,0
29,1,0,0,24,2,3,2,0
30,1,3,0,24,2,3,2,0
48,0,0,0,24,2,3,2,0
29,0,0,0,6,4,3,6,0
27,0,0,0,7,2,3,2,0
28,0,0,0,7,2,1,0,0
27,0,0,0,23,3,1,0,0
28,0,0,0,23,3,1,2,0
29,0,0,0,18,2,1,0,0
28,0,0,0,15,3,2,0,0
21,0,0,0,8,4,1,1,1
49,0,0,0,24,2,2,0,0
33,1,3,0,16,1,4,1,0
23,0,3,0,18,2,1,3,0
27,0,3,0,8,4,2,0,0
37,1,0,1,24,2,2,0,1
34,0,2,0,24,2,2,7,0
24,0,0,0,24,2,2,0,0
24,1,0,0,24,2,1,2,0
35,0,3,0,24,2,3,0,0
26,0,3,0,5,1,3,2,0
25,0,0,0,24,2,2,0,0
28,0,0,0,24,2,2,0,0
19,0,0,0,24,2,2,0,0
28,1,3,0,12,2,2,0,1
42,1,0,0,24,2,5,7,0
45,0,0,0,23,3,3,2,0
30,0,0,0,24,2,4,2,0
28,0,0,0,24,2,2,0,0
25,0,3,0,12,2,3,2,0
26,0,0,0,23,3,2,0,0
29,1,0,0,15,3,4,2,0
24,1,3,0,24,2,2,2,0
32,0,1,1,24,2,1,4,0
41,1,3,0,15,3,3,3,0
33,0,0,0,12,2,3,1,0
37,0,0,0,20,3,3,0,0
31,1,0,0,20,3,3,1,0
26,1,0,0,7,2,2,2,0
30,1,0,0,24,2,2,0,0
31,0,3,0,15,3,3,0,0
26,0,0,0,15,3,1,0,0
26,1,3,0,17,1,1,4,0
50,0,0,0,12,2,3,0,0
36,0,3,0,24,2,3,0,0
32,0,0,0,7,2,3,2,0
50,1,3,0,12,2,2,1,1
29,0,1,0,7,2,4,2,0
38,0,3,0,24,2,2,0,0
42,1,0,0,24,2,3,0,0
30,0,1,0,18,2,3,4,0
25,0,0,0,20,3,1,0,1
24,0,0,0,12,2,1,0,0
27,0,0,0,15,3,2,0,0
28,0,0,0,24,2,2,2,0
35,0,3,0,18,2,3,1,0
27,1,3,0,15,3,3,0,0
29,0,0,0,14,1,2,0,0
26,0,0,0,20,3,3,0,0
42,0,3,0,24,2,2,0,0
41,0,0,0,24,2,3,1,0
38,0,2,0,24,2,4,2,0
29,0,3,0,24,2,2,0,0
27,1,1,0,24,2,1,0,0
25,0,3,0,7,2,2,2,0
43,0,0,0,20,3,3,2,0
26,0,0,0,24,2,1,4,0
25,0,0,0,5,1,1,0,0
31,0,0,0,24,2,3,0,0
27,0,2,0,24,2,2,2,0
28,0,0,0,24,2,1,5,0
25,0,0,0,15,3,2,2,1
28,0,0,0,5,1,3,2,0
31,1,0,0,18,2,3,5,0
22,0,0,0,24,2,1,0,0
26,0,0,0,15,3,3,1,1
30,0,1,0,24,2,3,0,0
23,0,3,0,24,2,3,6,0
38,0,1,0,12,2,3,0,0
35,0,3,0,4,1,3,2,0
27,1,1,0,12,2,3,4,0
29,0,1,0,17,1,4,0,1
43,0,3,0,11,4,4,2,0
29,0,0,0,18,2,4,2,0
26,0,0,0,24,2,3,5,0
39,0,0,0,7,2,2,0,0
33,0,0,0,23,3,3,1,0
34,0,3,0,24,2,2,0,0
31,0,3,0,18,2,3,0,0
26,1,0,0,15,3,3,2,0
33,1,0,0,16,1,5,4,1
28,0,0,0,24,2,2,0,0
27,0,0,0,20,3,5,1,0
29,0,0,0,23,3,3,0,0
39,0,3,0,15,3,3,1,0
28,1,0,0,24,2,3,2,0
29,0,0,0,23,3,2,0,0
36,0,0,0,24,2,4,7,0
31,0,0,0,15,3,3,2,0
24,1,3,0,14,1,2,0,0
22,0,3,0,15,3,1,1,0
32,0,0,0,15,3,3,0,0
35,1,6,0,12,2,4,2,0
40,1,1,0,12,2,3,4,0
28,0,0,0,23,3,3,4,0
33,0,0,0,20,3,2,2,0
23,0,0,0,24,2,2,1,0
27,0,3,0,18,2,2,1,0
38,0,1,0,24,2,2,0,0
40,0,0,0,24,2,4,0,0
30,0,0,0,24,2,3,0,0
26,1,2,0,15,3,2,2,0
32,0,0,0,18,2,3,0,0
29,1,3,0,24,2,3,1,0
28,0,0,0,23,3,4,1,0
36,0,0,0,23,3,3,0,0
54,0,1,0,24,2,2,1,0
32,1,0,0,24,2,3,2,0
28,0,3,0,24,2,3,2,0
33,1,0,0,16,1,5,3,1
25,0,3,0,24,2,3,0,0
36,0,3,0,6,4,3,0,0
31,0,0,0,12,2,3,4,0
32,0,0,0,23,3,3,2,0
29,0,0,0,20,3,2,1,0
30,1,0,0,15,3,2,0,0
28,0,3,0,18,2,1,2,0
48,1,0,0,24,2,2,1,0
44,0,0,0,24,2,4,4,0
28,0,3,0,7,2,1,4,1
30,1,0,0,15,3,5,1,0
49,0,3,0,25,1,4,1,0
28,0,0,0,24,2,2,7,0
22,0,3,0,17,1,1,2,0
33,1,0,0,20,3,3,1,0
28,0,2,0,18,2,3,0,0
28,0,0,0,4,1,3,0,1
31,0,3,0,18,2,2,0,0
33,0,0,0,6,4,3,0,0
27,0,0,0,18,2,1,0,0
36,1,3,0,24,2,3,0,0
24,1,1,0,15,3,2,0,0
26,0,3,0,12,2,4,1,0
48,0,3,0,24,2,2,0,0
20,0,0,0,20,3,1,0,0
55,0,2,0,18,2,5,0,0
31,0,1,0,6,4,3,0,0
32,0,0,0,24,2,5,3,1
40,0,1,0,12,2,3,0,0
30,0,0,0,15,3,2,1,0
32,0,3,0,14,1,3,0,0
28,0,0,0,23,3,3,2,0
25,0,0,0,24,2,2,5,0
28,0,0,0,24,2,2,0,0
29,1,1,0,24,2,2,0,0
37,0,3,0,24,2,2,0,0
19,0,0,0,24,2,1,0,0
32,0,0,0,14,1,2,1,0
25,0,0,0,15,3,1,1,0
35,0,0,0,24,2,4,2,0
38,0,3,0,7,2,4,0,0
32,0,6,0,18,2,3,2,0
30,0,0,0,20,3,3,1,0
24,1,1,0,23,3,4,0,0
31,1,0,0,24,2,3,4,0
31,0,0,0,24,2,3,2,0
28,0,3,0,19,1,2,0,0
32,0,0,0,24,2,3,1,0
31,1,3,0,24,2,3,6,0
27,0,0,0,24,2,3,0,0
31,1,3,0,15,3,5,2,0
33,0,3,0,24,2,2,0,0
29,0,0,0,12,2,1,0,0
32,0,3,0,24,2,5,0,0
47,0,0,0,24,2,3,0,0
29,0,0,0,18,2,3,6,0
27,0,0,0,12,2,2,2,0
41,0,1,0,12,2,3,0,0
33,0,3,0,24,2,2,0,0
23,0,0,0,24,2,1,4,0
27,0,0,0,18,2,2,0,0
26,0,0,0,24,2,3,0,0
29,0,0,0,24,2,3,1,0
25,0,0,0,20,3,2,2,0
34,0,0,0,24,2,3,2,0
29,1,3,0,25,1,4,2,0
26,0,0,0,24,2,2,0,0
40,0,0,0,24,2,3,0,1
32,0,0,0,20,3,2,2,0
26,1,0,0,24,2,2,6,0
34,0,0,0,4,1,5,0,0
40,0,3,0,18,2,2,1,0
38,0,0,0,5,1,2,0,0
29,0,0,0,24,2,2,4,0
25,1,0,0,8,4,4,0,0
26,0,3,0,24,2,2,0,0
23,1,3,0,13,0,2,0,0
43,0,0,0,23,3,3,0,0
37,0,0,0,24,2,3,0,0
31,0,0,0,12,2,2,2,0
39,0,3,0,4,1,3,1,0
37,0,0,0,24,2,3,2,0
69,0,0,0,24,2,5,4,0
37,0,3,0,6,4,1,0,0
27,1,3,0,12,2,3,0,0
27,0,0,0,24,2,3,2,0
35,0,0,0,24,2,3,1,0
32,0,3,0,16,1,1,0,1
27,0,0,0,8,4,2,5,0
25,0,0,0,15,3,2,1,0
34,0,0,0,7,2,4,2,0
41,0,0,0,20,3,4,0,0
39,0,2,0,24,2,4,1,0
36,0,3,0,24,2,2,0,0
34,0,3,0,14,1,3,0,0
28,1,0,0,24,2,3,6,0
42,0,0,0,24,2,4,0,0
23,0,3,0,4,1,1,0,0
31,0,3,0,24,2,1,2,0
21,1,2,0,24,2,1,0,0
28,0,0,0,12,2,1,0,1
31,0,0,0,24,2,4,2,1
29,1,0,0,24,2,2,0,0
31,0,3,0,20,3,3,0,0
32,0,3,0,24,2,3,0,0
20,0,0,0,20,3,1,1,0
25,0,0,0,12,2,1,4,0
40,0,3,0,14,1,3,0,0
33,0,0,0,24,2,3,2,0
39,0,3,0,16,1,3,0,0
31,0,1,0,24,2,2,2,1
27,0,3,0,24,2,3,0,1
35,1,3,0,18,2,4,0,1
22,0,0,0,20,3,1,2,0
23,0,0,0,24,2,2,2,0
31,0,3,0,5,1,3,0,0
20,0,5,0,10,4,1,0,0
34,0,0,0,15,3,2,0,0
47,0,0,0,10,4,3,1,0
29,1,0,0,18,2,3,0,0
20,0,0,0,18,2,2,4,0
32,0,0,0,24,2,3,2,0
37,1,0,0,24,2,3,1,0
48,0,1,0,5,1,3,4,0
28,0,0,0,18,2,3,1,0
31,0,0,0,18,2,4,3,0
29,0,0,0,15,3,4,0,0
27,1,0,0,5,1,2,0,0
23,0,3,0,11,4,1,0,0
28,0,1,0,24,2,2,0,0
25,0,0,0,24,2,2,0,0
37,1,0,0,20,3,1,0,1
30,1,0,0,23,3,3,0,0
30,1,3,0,24,2,3,0,0
28,0,0,0,18,2,1,1,0
25,0,0,0,24,2,2,2,0
34,0,3,0,25,1,4,2,0
44,0,3,0,15,3,2,0,0
30,0,0,0,17,1,3,0,0
23,0,3,0,23,3,2,1,0
26,0,1,0,24,2,4,0,0
41,0,1,0,24,2,2,1,1
42,0,0,0,24,2,3,1,0
27,1,3,0,3,0,4,1,0
30,1,0,0,18,2,2,0,0
32,0,3,0,15,3,3,0,0
28,0,0,0,12,2,4,2,0
36,0,3,1,6,4,3,5,0
34,0,0,0,15,3,3,1,0
35,0,0,0,4,1,4,1,0
27,1,3,0,24,2,2,2,0
19,0,0,0,20,3,1,7,1
31,1,0,0,24,2,4,3,0
23,0,0,0,12,2,2,0,0
24,0,0,0,15,3,2,0,0
28,0,3,0,15,3,1,0,0
24,0,0,0,24,2,2,1,0
32,0,0,0,24,2,1,0,0
38,0,2,0,24,2,3,0,0
27,1,3,0,5,1,2,3,0
28,0,0,0,18,2,5,3,0
32,0,0,0,15,3,3,0,0
29,0,0,0,11,4,4,0,0
34,0,0,0,20,3,2,1,0
30,0,3,0,12,2,3,0,0
47,1,3,0,5,1,3,0,0
28,0,0,0,15,3,2,0,0
27,0,0,0,23,3,3,1,0
40,0,0,0,24,2,5,3,0
35,0,0,0,18,2,4,0,1
28,0,0,0,24,2,3,0,0
24,0,3,0,19,1,2,0,0
29,0,0,0,24,2,2,0,0
27,0,0,0,12,2,2,2,0
40,1,0,0,20,3,3,2,0
28,0,0,0,5,1,2,4,0
26,0,0,0,24,2,2,2,0
29,1,0,0,24,2,3,1,0
26,0,0,0,15,3,3,2,0
33,0,3,0,12,2,3,0,0
31,1,0,0,20,3,4,2,0
28,0,3,0,24,2,2,2,1
25,0,0,0,18,2,3,0,0
28,0,0,0,16,1,3,5,0
28,0,0,0,24,2,3,2,0
32,0,0,0,12,2,3,0,0
30,0,3,0,6,4,3,0,0
22,0,0,0,24,2,2,1,0
30,0,3,0,16,1,5,0,0
30,0,3,0,12,2,2,0,0
36,0,3,0,24,2,3,0,0
32,0,0,0,12,2,4,0,0
51,0,0,0,24,2,3,0,0
28,1,3,0,8,4,3,2,1
42,0,0,0,24,2,3,0,0
30,1,0,0,24,2,3,6,0
20,0,0,0,12,2,1,0,0
37,0,0,0,18,2,3,4,0
31,0,3,0,17,1,3,0,0
28,0,1,0,5,1,3,0,0
30,1,3,0,24,2,3,2,0
25,0,0,0,24,2,2,0,0
42,1,2,0,24,2,3,0,0
29,0,0,0,20,3,2,2,0
23,1,0,0,20,3,3,0,0
28,0,0,0,24,2,2,2,0
25,0,0,0,15,3,1,0,0
28,0,2,0,6,4,2,2,1
38,0,0,0,24,2,4,0,0
32,0,0,0,12,2,3,0,0
38,1,0,0,24,2,3,2,1
58,0,0,0,24,2,2,1,0
35,0,1,0,8,4,3,0,0
40,0,1,0,24,2,3,1,0
36,1,0,0,24,2,3,0,0
30,0,0,0,15,3,2,2,0
27,0,0,0,24,2,3,1,0
22,1,1,0,10,4,1,2,1
30,1,3,0,12,2,3,0,0
29,1,3,0,18,2,2,0,1
30,0,0,0,12,2,3,2,0
22,0,0,0,12,2,1,4,0
37,1,0,0,24,2,3,0,0
24,0,0,0,24,2,2,1,0
31,0,2,0,24,2,1,2,0
28,0,0,0,15,3,4,2,0
31,0,0,0,24,2,3,2,0
29,0,0,0,24,2,2,1,0
30,1,0,0,12,2,3,1,0
27,0,0,0,24,2,2,2,0
33,0,3,0,12,2,1,0,0
35,0,0,0,18,2,2,0,0
23,0,0,0,24,2,3,0,0
49,0,0,0,20,3,4,0,1
41,1,0,0,6,4,2,0,0
34,0,3,0,24,2,4,0,0
30,0,0,0,12,2,3,0,0
36,0,3,0,14,1,4,2,0
45,0,3,0,12,2,2,0,1
33,0,0,0,24,2,5,3,0
35,0,0,0,15,3,3,0,0
23,0,0,0,20,3,2,0,0
22,0,0,0,24,2,3,0,0
42,1,0,0,18,2,4,4,0
28,1,0,0,24,2,3,1,0
46,0,2,0,24,2,3,0,0
25,0,3,0,24,2,3,0,0
29,1,0,0,20,3,3,0,0
41,0,0,0,24,2,1,0,1
27,1,0,0,20,3,3,0,0
23,0,3,1,24,2,3,0,0
46,0,0,0,24,2,5,4,0
41,0,3,0,24,2,2,0,0
39,0,0,1,6,4,3,0,0
27,0,0,0,7,2,2,0,0
23,0,0,0,24,2,2,0,0
26,0,0,0,12,2,2,2,0
47,0,3,0,18,2,4,0,0
25,0,0,0,24,2,2,4,0
28,0,0,0,23,3,1,1,0
39,0,0,0,24,2,2,1,1
41,0,0,0,24,2,2,0,0
53,0,0,0,12,2,3,1,0
36,0,2,0,24,2,3,1,0
27,1,0,0,23,3,2,2,0
30,1,0,0,6,4,2,2,0
36,1,1,0,18,2,3,1,0
27,1,0,0,18,2,4,2,0
44,0,0,0,15,3,5,7,0
23,1,0,0,15,3,1,1,0
37,0,0,0,12,2,3,2,1
30,0,0,0,9,1,3,2,0
23,0,0,0,20,3,1,0,0
37,0,0,0,20,3,1,0,0
33,1,3,0,24,2,3,0,0
59,0,0,0,18,2,5,2,0
26,1,0,0,4,1,2,4,0
27,0,0,0,24,2,4,0,0
26,0,3,0,24,2,2,2,0
37,0,0,0,23,3,3,0,0
37,0,0,0,12,2,3,2,0
26,0,0,0,10,4,3,0,0
29,0,2,0,15,3,3,2,0
31,0,0,0,12,2,3,2,0
27,1,3,0,18,2,4,6,0
42,0,3,0,7,2,4,2,0
30,0,0,0,24,2,2,4,0
50,0,0,0,24,2,3,2,0
26,0,0,0,24,2,3,0,0
36,1,3,0,24,2,2,1,0
28,0,1,0,24,2,2,0,0
43,1,3,0,12,2,2,0,0
27,1,0,0,24,2,2,4,0
33,0,0,0,24,2,3,1,0
31,0,0,0,16,1,1,4,1
26,0,0,0,15,3,3,0,0
30,1,0,0,19,1,3,2,1
30,0,0,0,24,2,2,0,0
31,1,3,0,12,2,3,4,0
32,0,3,0,5,1,2,2,0
30,0,0,0,16,1,1,1,0
42,0,1,0,24,2,3,4,0
35,0,0,0,24,2,2,2,0
32,0,3,0,4,1,3,0,0
29,1,0,0,12,2,2,2,1
41,0,0,0,6,4,3,0,0
44,0,0,0,4,1,3,0,0
23,1,0,0,15,3,1,0,0
29,0,0,0,12,2,2,0,0
21,0,0,0,24,2,1,4,0
27,0,3,0,12,2,2,4,0
29,0,0,0,24,2,2,0,0
29,0,3,0,18,2,2,0,0
25,0,3,0,13,0,2,4,0
30,0,3,0,24,2,5,0,0
34,0,3,0,24,2,3,2,0
34,0,0,0,24,2,2,0,0
70,0,0,0,6,4,3,4,0
25,1,0,0,9,1,2,2,0
34,1,0,0,20,3,2,7,0
28,1,0,0,3,0,3,1,1
35,0,0,0,20,3,2,0,0
31,0,0,0,23,3,1,0,0
27,0,0,0,24,2,3,2,0
28,0,0,0,5,1,3,5,0
30,0,0,0,24,2,3,0,0
38,1,3,1,24,2,2,1,0
30,0,0,0,15,3,5,2,0
22,0,1,0,13,0,1,0,0
33,1,0,0,12,2,3,2,0
27,0,0,0,7,2,2,0,0
38,0,0,0,24,2,2,1,0
47,0,3,0,24,2,2,1,0
43,0,3,0,24,2,2,1,0
24,0,0,0,23,3,2,2,0
27,0,2,0,24,2,2,4,0
19,0,3,0,24,2,1,0,1
35,1,3,0,18,2,4,2,0
40,0,0,0,23,3,2,0,0
35,0,3,0,7,2,3,0,0
36,0,0,0,24,2,2,0,0
34,0,0,0,24,2,2,5,0
25,1,3,0,3,0,2,1,0
31,0,0,0,15,3,2,0,0
19,0,0,0,24,2,2,0,0
33,0,3,0,23,3,3,1,0
32,0,0,0,23,3,2,2,0
40,0,3,1,24,2,5,0,0
28,0,0,0,18,2,2,6,0
34,0,3,0,24,2,4,0,0
37,0,0,0,12,2,3,1,0
48,0,3,0,18,2,4,4,0
29,0,3,0,12,2,3,2,0
24,0,0,0,5,1,2,0,0
31,1,0,0,24,2,4,7,0
37,0,0,0,24,2,3,0,0
44,0,0,0,4,1,5,3,0
43,0,0,0,11,4,5,0,0
36,0,3,0,24,2,2,0,0
34,0,0,0,24,2,2,5,0
42,0,3,0,13,0,4,2,0
35,0,0,0,24,2,2,6,1
35,0,1,0,24,2,2,0,1
37,0,0,0,24,2,3,0,0
28,0,0,0,24,2,2,1,0
31,0,0,0,20,3,2,1,0
28,0,0,0,7,2,2,2,0
27,1,0,1,24,2,2,0,0
25,0,0,0,24,2,3,2,0
30,0,0,0,24,2,3,2,0
50,0,0,0,8,4,3,0,0
30,0,3,0,12,2,3,0,0
42,1,0,0,5,1,3,1,0
30,0,3,0,12,2,2,6,0
27,1,0,0,18,2,2,2,0
32,0,0,0,24,2,3,0,0
22,0,0,0,18,2,1,0,0
29,0,0,0,12,2,2,2,0
50,0,3,0,16,1,1,0,0
36,0,0,0,24,2,4,2,0
18,0,0,0,15,3,1,0,0
25,0,0,0,18,2,2,0,0
35,0,0,0,24,2,2,0,0
32,1,0,0,24,2,3,0,0
27,0,3,0,24,2,2,2,0
35,0,1,0,24,2,2,0,1
27,0,3,0,15,3,3,1,0
42,0,0,0,24,2,2,0,0
41,0,0,0,24,2,4,2,0
33,0,3,0,12,2,4,0,0
33,1,3,0,4,1,2,0,0
35,0,3,0,24,2,5,0,0
35,0,0,0,24,2,3,2,0
33,0,0,0,24,2,5,7,0
48,0,0,0,24,2,3,0,0
40,1,0,0,24,2,4,0,0
33,0,0,0,20,3,4,1,0
23,0,1,0,15,3,1,1,0
22,1,3,0,24,2,1,0,0
30,0,3,0,12,2,3,0,0
41,0,3,0,24,2,1,0,0
22,0,3,0,24,2,1,0,0
37,0,0,0,4,1,5,3,0
33,0,0,0,24,2,3,0,0
34,1,0,0,24,2,4,4,0
38,0,3,0,15,3,3,1,0
27,0,0,1,18,2,2,2,0
33,0,0,0,24,2,4,2,0
35,0,0,0,15,3,2,6,0
22,1,3,0,12,2,2,2,0
35,0,0,0,24,2,3,4,0
23,1,0,0,20,3,1,0,0
32,0,0,0,1,1,4,0,0
27,0,0,0,20,3,3,2,0
32,0,0,0,24,2,2,2,0
34,0,0,0,23,3,3,0,0
25,0,6,0,15,3,1,2,1
34,0,0,0,12,2,2,0,0
34,0,3,0,12,2,4,2,0
42,0,0,0,24,2,3,2,0
36,0,3,0,23,3,2,5,0
33,0,3,0,12,2,2,0,0
30,0,3,0,5,1,3,0,0
40,0,1,0,18,2,4,0,0
28,0,0,0,24,2,5,7,0
34,1,3,0,16,1,5,7,0
33,0,0,0,18,2,5,2,0
28,1,2,0,24,2,2,1,0
41,0,0,1,24,2,2,0,0
31,0,0,0,24,2,3,0,0
36,0,0,0,12,2,2,0,0
28,0,0,0,24,2,2,1,0
36,1,0,0,24,2,2,5,0
31,1,0,0,24,2,4,7,0
35,0,0,0,15,3,2,0,0
35,1,0,0,24,2,3,0,0
24,0,3,0,12,2,2,1,0
26,1,0,0,12,2,2,0,0
24,0,3,0,24,2,3,4,0
35,1,0,0,4,1,3,2,0
44,0,0,0,15,3,3,0,0
33,1,0,0,12,2,2,2,0
29,1,0,0,24,2,3,4,0
36,1,1,0,24,2,3,6,0
31,1,5,0,24,2,3,0,0
27,0,0,0,12,2,2,2,0
34,0,0,0,24,2,4,1,0
26,1,0,0,24,2,2,0,0
20,0,0,0,24,2,1,0,1
25,0,0,1,15,3,2,0,0
30,1,0,0,24,2,3,0,0
37,0,3,0,24,2,2,2,0
29,0,0,0,23,3,3,0,0
27,0,0,0,24,2,3,0,0
27,0,0,0,24,2,2,0,0
42,1,3,0,18,2,3,0,0
47,0,3,0,24,2,3,0,0
29,0,0,0,24,2,3,0,0
23,0,0,0,24,2,2,1,0
30,1,0,0,24,2,1,2,0
31,0,1,0,6,4,2,2,1
33,0,2,0,24,2,2,5,0
26,1,0,0,15,3,2,4,0
24,0,3,0,12,2,1,4,0
41,0,0,0,11,4,2,0,0
22,0,3,0,7,2,1,1,0
30,0,2,0,12,2,2,0,0
44,0,0,0,20,3,3,0,0
30,0,4,0,10,4,1,4,0
26,0,1,0,7,2,1,2,0
30,1,0,0,24,2,3,0,0
40,0,0,0,24,2,3,0,0
36,0,3,0,15,3,3,0,0
38,0,0,0,24,2,2,0,0
35,0,1,0,8,4,1,0,0
36,0,3,0,24,2,3,4,0
29,1,0,0,12,2,2,2,0
23,1,3,0,18,2,2,4,0
25,0,0,0,5,1,3,2,0
32,0,0,0,24,2,3,0,0
30,1,0,1,1,1,2,2,0
32,0,0,0,12,2,2,0,0
29,0,3,0,24,2,3,2,0
31,1,0,0,12,2,4,2,0
36,0,3,0,23,3,2,0,0
29,1,0,0,12,2,2,0,1
25,0,0,0,24,2,3,6,0
38,0,0,0,24,2,4,3,0
53,1,2,1,24,2,3,1,0
42,0,0,0,24,2,3,0,0
29,0,0,0,18,2,2,1,0
22,0,0,0,15,3,2,0,0
39,1,0,0,14,1,1,0,1
27,0,0,0,23,3,2,2,0
29,0,0,0,24,2,2,2,0
47,1,3,0,5,1,3,0,0
57,0,3,0,10,4,2,2,0
32,0,0,0,23,3,3,0,0
27,0,3,0,24,2,3,0,0
60,0,0,0,18,2,4,4,0
28,1,0,0,18,2,1,0,0
42,0,3,0,18,2,4,7,0
29,1,0,1,15,3,2,2,0
57,0,0,0,24,2,3,0,0
37,0,0,0,24,2,4,4,0
27,0,0,0,24,2,3,2,0
29,0,0,0,25,1,4,1,0
44,0,3,0,15,3,3,0,0
20,0,3,0,16,1,1,1,0
27,0,3,1,24,2,2,4,0
41,0,0,0,24,2,3,0,0
27,0,0,0,24,2,3,0,0
29,0,0,0,24,2,2,1,0
28,0,1,0,24,2,2,0,0
51,0,3,0,12,2,3,1,0
40,0,3,0,24,2,3,2,0
26,0,0,0,24,2,2,0,0
25,0,0,0,12,2,1,2,0
44,0,0,0,15,3,2,0,0
30,0,0,0,23,3,4,2,0
39,0,0,0,4,1,3,0,0
21,0,3,0,24,2,1,0,0
30,0,0,0,12,2,3,2,0
34,0,3,0,18,2,2,1,0
26,0,1,0,1,1,2,0,1
28,0,0,0,24,2,2,0,0
25,0,0,0,18,2,2,4,0
31,0,0,0,20,3,3,2,0
27,1,0,0,15,3,2,0,0
29,1,3,0,24,2,3,1,0
25,0,3,0,1,1,2,0,0
37,0,0,0,15,3,3,0,0
28,1,1,0,10,4,2,0,0
55,0,0,0,18,2,3,1,0
32,0,3,0,24,2,3,0,1
29,1,0,0,24,2,3,0,0
37,0,3,0,23,3,4,2,0
28,0,0,0,15,3,2,0,1
28,0,1,0,24,2,1,2,0
37,1,3,0,24,2,1,0,1
31,0,0,0,24,2,3,0,0
26,0,0,0,12,2,1,2,0
31,0,0,0,24,2,2,2,0
27,0,0,0,15,3,3,0,1
30,1,3,0,24,2,3,0,1
31,0,0,0,5,1,4,1,1
26,0,0,0,19,1,3,4,0
34,0,3,0,1,1,2,0,0
44,0,0,0,18,2,4,0,1
38,0,3,0,24,2,3,7,0
40,0,1,0,24,2,3,0,0
23,0,0,0,15,3,1,0,0
28,1,3,0,12,2,2,0,0
40,0,3,0,5,1,3,1,0
43,0,3,0,9,1,3,0,0
23,1,0,1,24,2,1,3,0
38,0,3,0,24,2,3,1,0
36,0,0,0,20,3,2,0,0
24,1,0,0,12,2,2,1,0
30,1,0,0,24,2,4,0,0
23,0,0,0,4,1,1,0,0
23,0,0,1,15,3,1,0,0
27,1,0,0,24,2,2,0,0
29,0,0,0,6,4,4,4,0
31,0,1,0,1,1,5,3,0
50,0,0,0,4,1,3,0,0
29,1,0,0,19,1,3,2,0
35,1,3,0,15,3,3,2,0
46,1,0,0,24,2,3,1,1
30,0,0,0,20,3,3,0,0
27,1,0,0,4,1,2,1,1
21,0,0,0,20,3,1,0,1
32,0,0,0,24,2,2,2,0
30,0,0,0,24,2,2,2,0
27,0,0,0,24,2,2,5,0
28,0,0,0,24,2,2,2,0
43,0,0,0,6,4,4,4,0
34,1,0,0,24,2,3,0,0
34,0,0,0,24,2,3,1,0
27,0,1,0,18,2,1,0,0
35,0,0,0,18,2,3,2,0
23,0,0,0,18,2,2,0,0
50,0,0,0,16,1,3,0,0
48,0,0,0,21,0,3,1,0
35,1,3,0,12,2,3,1,0
31,1,0,0,24,2,3,2,0
35,0,2,0,24,2,2,2,1
43,0,0,0,24,2,5,0,0
25,0,0,0,24,2,4,3,0
35,1,0,0,18,2,2,4,0
26,0,0,0,24,2,2,0,0
43,0,0,0,18,2,3,1,0
38,0,0,0,24,2,2,3,0
29,1,0,0,16,1,3,2,0
31,0,0,0,12,2,3,0,0
22,0,1,0,25,1,2,4,0
38,1,1,0,23,3,3,2,0
38,0,0,0,18,2,3,7,0
21,0,0,0,20,3,1,5,0
27,1,0,0,24,2,2,4,0
29,0,0,0,20,3,1,0,1
49,0,3,1,24,2,3,1,0
28,0,1,0,7,2,2,2,0
26,0,0,0,18,2,2,2,0
27,0,0,0,12,2,4,0,0
27,0,1,0,25,1,3,1,0
34,0,0,0,24,2,2,0,0
34,0,3,0,23,3,3,2,1
40,0,0,0,15,3,3,0,0
35,1,0,0,24,2,3,0,0
27,0,0,0,7,2,2,0,0
39,0,0,0,4,1,2,0,0
38,0,3,0,9,1,4,0,0
31,1,0,0,16,1,1,0,1
27,0,0,0,15,3,2,2,0
24,0,0,0,10,4,3,0,0
26,1,0,0,24,2,2,0,0
34,0,0,0,8,4,3,2,0
31,0,0,0,20,3,2,2,1
26,1,0,0,24,2,3,0,0
30,0,0,0,24,2,3,2,0
32,0,3,0,24,2,2,2,0
26,0,0,0,13,0,4,2,0
33,0,1,0,24,2,3,0,0
21,0,0,0,8,4,1,0,0
25,1,1,0,24,2,3,6,0
37,1,1,0,15,3,3,0,0
30,0,3,0,7,2,3,1,0
30,0,0,0,12,2,2,2,1
21,0,0,0,4,1,1,0,0
33,0,0,0,24,2,4,0,0
28,1,3,0,24,2,3,1,0
25,0,3,0,19,1,1,5,0
30,0,0,0,25,1,2,2,0
34,1,1,0,24,2,2,0,0
33,0,0,0,7,2,1,0,0
40,0,3,0,24,2,3,4,0
32,0,0,0,24,2,3,0,0
26,0,0,0,24,2,2,2,0
49,0,0,0,24,2,3,1,0
43,0,0,0,23,3,2,0,0
39,0,0,0,24,2,3,0,0
38,0,1,0,24,2,1,4,0
29,0,3,0,24,2,3,1,0
27,1,0,0,24,2,3,2,0
38,1,0,0,6,4,3,0,0
42,0,1,0,12,2,3,0,0
23,0,0,0,20,3,2,0,0
24,0,3,0,24,2,3,1,0
24,1,0,0,23,3,2,1,0
32,0,0,0,24,2,2,2,0
24,0,3,0,5,1,4,3,0
38,1,3,1,24,2,2,1,0
34,0,0,0,24,2,4,0,0
28,0,3,0,7,2,3,2,0
43,0,3,0,24,2,2,0,0
51,0,3,0,24,2,3,0,0
48,0,1,0,24,2,2,1,0
36,0,0,0,23,3,2,2,0
25,1,0,0,18,2,2,2,0
35,1,3,0,8,4,1,0,0
29,0,3,0,24,2,1,0,0
36,0,0,0,20,3,4,5,0
28,0,0,0,24,2,2,2,0
46,0,0,0,20,3,4,2,0
29,1,0,0,7,2,3,2,0
26,0,0,0,24,2,2,5,0
36,0,0,0,15,3,3,2,0
27,1,3,0,18,2,4,2,0
31,0,0,0,5,1,1,0,0
27,0,0,0,12,2,2,7,0
30,1,0,0,24,2,4,4,0
73,0,0,0,19,1,4,2,1
27,0,3,0,24,2,2,4,0
24,1,0,0,24,2,2,6,0
38,1,0,0,15,3,3,7,1
25,0,0,0,24,2,1,0,0
31,0,0,0,24,2,3,0,0
28,0,3,0,24,2,3,1,0
31,0,0,0,15,3,3,0,0
32,0,3,0,18,2,2,1,0
28,0,0,0,12,2,2,1,0
31,1,2,0,24,2,4,0,0
25,0,0,0,18,2,1,4,1
33,0,0,0,24,2,2,0,0
24,0,3,0,4,1,2,4,0
24,0,3,0,20,3,1,0,0
31,0,0,0,18,2,3,1,0
25,0,3,0,24,2,3,1,0
28,0,0,0,15,3,2,2,0
28,0,0,0,24,2,3,4,0
58,0,2,0,24,2,3,2,0
26,0,0,0,24,2,3,1,0
25,1,0,0,12,2,3,1,0
34,1,1,0,19,1,5,3,0
41,0,0,0,6,4,4,0,0
28,0,0,0,15,3,3,2,0
24,0,1,0,7,2,1,0,0
30,0,0,0,18,2,3,2,0
30,1,0,0,12,2,3,0,0
37,0,0,0,20,3,3,2,0
33,0,0,0,24,2,2,0,0
28,1,0,0,24,2,2,2,0
34,0,0,0,20,3,3,1,0
34,0,3,0,16,1,1,0,0
50,0,3,0,18,2,3,4,0
30,1,0,0,12,2,5,7,1
22,0,0,0,20,3,1,4,0
46,1,3,0,24,2,3,1,1
26,0,1,0,6,4,2,0,0
19,1,0,0,24,2,1,0,0
31,0,0,0,20,3,3,0,0
23,1,3,0,4,1,1,4,0
51,0,0,0,24,2,3,1,0
26,1,3,0,12,2,2,0,0
31,0,0,0,12,2,4,2,0
24,0,0,0,24,2,3,0,0
27,1,3,0,24,2,2,4,0
28,0,0,0,24,2,2,6,1
27,1,1,0,18,2,3,1,0
23,1,0,0,20,3,1,1,0
37,0,3,0,21,0,2,0,0
32,1,0,0,24,2,1,4,0
28,0,5,0,12,2,3,0,0
37,0,0,0,5,1,4,0,0
36,0,0,0,24,2,3,1,0
23,0,3,0,12,2,3,0,0
37,0,0,0,24,2,3,0,0
30,0,0,0,24,2,2,2,0
31,0,0,0,24,2,3,0,0
28,1,0,0,18,2,3,2,0
26,0,0,0,24,2,3,1,0
28,0,3,0,18,2,3,0,0
31,1,0,0,24,2,4,0,0
47,0,3,0,12,2,2,0,0
31,0,0,0,24,2,3,0,0
30,1,3,0,6,4,5,1,0
44,0,0,0,12,2,4,0,0
19,0,3,0,24,2,1,0,1
35,0,2,0,11,4,3,0,0
28,0,3,1,12,2,2,5,0
31,1,0,0,15,3,4,3,0
25,0,0,0,11,4,4,3,0
25,1,3,0,12,2,3,1,0
48,0,0,0,24,2,2,0,0
30,0,1,0,3,0,4,3,0
41,0,0,0,16,1,4,0,0
31,0,4,0,24,2,3,0,0
41,0,0,0,12,2,3,0,1
28,0,1,0,12,2,3,0,0
42,0,0,0,16,1,3,0,0
33,0,0,0,24,2,3,2,0
26,0,0,0,12,2,2,2,0
34,0,3,0,15,3,2,0,0
22,0,2,0,24,2,1,0,0
36,0,0,0,15,3,3,4,0
26,0,0,0,24,2,2,2,0
24,0,0,0,15,3,4,2,0
32,1,0,0,18,2,3,0,0
18,0,0,0,24,2,1,0,1
37,0,0,0,24,2,4,4,0
40,0,0,0,20,3,2,0,0
53,0,3,0,24,2,3,0,0
31,0,0,1,7,2,3,2,0
37,1,0,0,23,3,3,4,0
39,0,3,0,6,4,3,0,0
26,1,0,0,6,4,2,4,0
26,1,0,0,15,3,2,0,0
21,0,3,0,24,2,1,0,0
33,0,2,0,24,2,2,2,0
32,0,0,0,23,3,4,2,0
29,1,1,0,24,2,3,6,0
33,0,0,0,8,4,3,0,0
40,0,0,0,24,2,3,2,0
33,1,0,0,24,2,5,6,0
35,1,0,0,24,2,3,0,1
26,0,5,0,6,4,1,2,0
31,0,3,0,4,1,4,1,0
35,0,3,0,24,2,3,0,0
28,0,0,0,24,2,3,0,0
36,0,3,0,24,2,5,3,0
33,0,0,0,20,3,2,2,0
29,0,0,0,24,2,2,4,0
38,0,0,0,6,4,4,6,0
36,0,0,0,24,2,3,0,0
46,0,0,0,12,2,3,1,1
31,0,0,0,24,2,2,2,0
30,0,0,0,14,1,2,1,0
29,0,0,0,12,2,4,2,0
23,0,3,0,24,2,2,4,0
27,0,3,0,5,1,2,2,0
45,0,0,0,24,2,3,0,0
32,0,3,0,24,2,3,0,0
32,1,1,0,12,2,3,0,0
25,0,0,0,23,3,2,2,0
21,0,0,0,16,1,1,0,0
29,1,0,0,24,2,3,2,0
32,0,0,0,12,2,4,2,0
27,1,3,0,24,2,2,0,0
33,0,0,0,18,2,4,2,0
27,0,3,0,18,2,1,5,0
26,0,0,0,15,3,2,2,0
28,0,3,0,20,3,3,5,0
34,0,0,0,20,3,4,0,0
22,0,0,0,24,2,1,0,0
33,0,0,0,24,2,3,0,0
34,0,0,0,6,4,5,1,0
26,1,0,0,24,2,1,2,0
28,1,0,0,11,4,3,2,0
38,0,0,0,24,2,3,1,0
33,1,0,0,24,2,5,4,0
24,0,1,0,24,2,1,0,0
35,1,3,0,18,2,4,0,0
51,0,0,0,24,2,3,2,0
23,0,0,0,15,3,1,0,0
44,0,0,0,20,3,3,0,0
24,0,0,0,18,2,1,0,0
58,0,0,0,23,3,4,4,1
29,1,3,0,24,2,2,2,0
28,0,0,0,5,1,2,0,0
43,0,1,0,6,4,2,0,0
25,0,0,0,15,3,2,2,0
24,0,3,0,10,4,2,1,0
23,0,0,0,23,3,2,1,0
31,0,1,0,18,2,2,4,0
29,0,3,0,7,2,1,0,0
32,0,0,0,24,2,2,1,0
28,0,2,0,24,2,2,1,0
34,1,1,0,4,1,2,1,0
32,1,3,0,6,4,4,4,0
39,0,3,0,20,3,3,0,0
30,0,0,0,24,2,3,2,0
26,0,0,0,23,3,3,0,0
21,0,0,0,15,3,1,0,1
33,0,0,0,24,2,2,0,0
30,0,1,0,24,2,3,0,0
24,0,0,0,20,3,1,4,0
24,0,0,0,12,2,3,1,0
33,0,0,0,24,2,2,4,0
27,0,0,0,24,2,2,4,0
26,0,0,0,24,2,2,0,0
25,1,0,0,4,1,2,0,0
32,1,0,0,20,3,5,0,0
33,0,0,0,24,2,2,0,0
24,1,1,0,12,2,1,0,1
26,1,0,0,5,1,1,2,0
41,0,0,0,12,2,3,2,0
24,1,0,0,18,2,4,2,0
28,0,0,0,12,2,2,0,0
27,0,0,0,12,2,3,1,0
32,0,0,0,24,2,2,0,0
48,0,3,0,24,2,3,6,0
25,0,0,0,12,2,4,4,0
26,0,0,0,24,2,1,0,0
29,0,0,0,24,2,2,0,0
36,0,0,0,24,2,5,1,0
26,0,0,0,24,2,2,2,1
54,0,3,0,24,2,4,0,0
37,0,0,0,15,3,3,0,0
33,0,0,0,24,2,3,0,0
35,0,0,0,20,3,3,0,0
52,1,0,0,16,1,2,1,1
45,0,0,0,4,1,3,1,0
26,0,3,0,24,2,2,3,0
29,0,0,0,20,3,2,2,0
26,0,0,0,5,1,3,4,0
28,1,0,0,12,2,3,0,0
40,0,3,0,18,2,2,0,0
35,0,2,0,24,2,4,0,0
28,0,1,0,4,1,2,1,0
33,0,0,0,8,4,1,0,0
34,0,3,0,16,1,3,0,0
35,0,0,0,20,3,3,1,0
32,1,0,0,24,2,3,0,0
30,1,0,0,24,2,3,0,0
30,0,1,0,15,3,4,1,0
26,0,0,0,24,2,2,0,0
24,0,0,0,12,2,1,0,1
29,0,3,0,24,2,1,4,0
30,0,0,0,24,2,4,2,0
27,1,3,0,16,1,2,7,0
26,0,0,0,7,2,2,2,0
22,0,0,0,20,3,1,2,0
35,0,0,0,24,2,4,2,0
40,0,0,0,8,4,3,1,0
49,0,0,0,24,2,3,0,0
31,1,0,0,24,2,4,3,0
34,1,3,0,20,3,3,2,0
27,0,0,0,24,2,2,0,0
30,1,0,0,15,3,3,2,0
38,0,2,0,15,3,4,2,0
27,1,0,0,24,2,3,6,0
27,1,0,0,24,2,2,0,0
31,0,0,0,24,2,3,1,0
47,0,3,0,4,1,3,0,0
24,0,0,0,19,1,2,0,0
25,0,0,0,24,2,4,2,0
38,0,0,0,16,1,4,0,0
26,0,1,0,24,2,3,2,0
30,0,0,0,24,2,3,0,0
36,0,0,0,24,2,3,5,0
37,0,3,0,24,2,3,1,0
35,0,0,0,12,2,3,1,0
36,0,0,0,24,2,3,0,0
46,0,0,0,12,2,3,2,0
42,0,0,0,18,2,3,0,0
32,0,3,0,12,2,2,0,0
44,0,0,0,24,2,2,0,0
36,1,0,0,24,2,3,1,0
27,0,0,0,24,2,2,1,0
34,1,1,0,24,2,3,0,0
28,0,0,0,24,2,2,2,0
32,0,3,0,15,3,2,0,0
27,1,1,0,12,2,2,0,0
26,0,0,0,12,2,3,2,0
24,0,0,0,20,3,2,2,0
46,1,0,0,12,2,4,0,1
32,1,3,0,24,2,2,7,0
22,0,3,0,14,1,2,4,0
26,1,0,0,24,2,3,2,0
41,1,1,0,20,3,2,0,0
26,0,0,0,24,2,2,1,0
22,0,0,0,24,2,1,2,0
40,0,0,0,24,2,4,2,0
36,0,0,0,24,2,3,1,0
31,1,3,0,12,2,2,0,0
30,0,1,0,5,1,4,2,0
44,0,3,0,24,2,3,0,0
45,0,0,0,24,2,5,0,0
39,0,0,0,24,2,2,0,0
45,0,3,0,18,2,3,0,0
51,0,3,0,24,2,5,7,1
32,0,0,0,24,2,5,7,0
37,1,1,0,24,2,3,0,0
28,0,3,0,24,2,2,2,0
27,0,0,0,15,3,3,0,0
36,0,0,0,20,3,2,0,0
51,0,0,0,20,3,5,7,0
27,1,0,0,24,2,3,0,0
27,1,3,0,20,3,3,1,0
24,0,0,0,18,2,2,2,0
33,0,3,0,12,2,3,0,0
40,0,0,0,24,2,2,0,0
22,0,0,0,6,4,3,0,0
27,0,0,0,24,2,1,0,0
25,0,0,0,24,2,1,1,0
34,0,5,0,24,2,2,0,0
24,0,3,0,24,2,2,0,0
23,0,0,0,24,2,1,0,0
50,0,3,0,4,1,5,4,0
32,0,0,0,20,3,2,1,0
27,0,1,0,24,2,3,4,0
18,0,0,0,4,1,1,0,1
28,0,0,0,24,2,1,7,0
28,1,0,0,12,2,3,1,0
22,1,3,0,14,1,2,0,0
31,1,0,0,1,1,5,2,0
26,0,0,0,15,3,2,1,0
24,0,0,0,20,3,1,0,1
28,0,0,0,24,2,3,2,0
40,1,0,0,23,3,3,0,1
33,1,0,0,24,2,3,2,0
21,0,0,0,18,2,1,4,0
26,0,0,0,13,0,1,0,0
48,0,0,0,20,3,5,0,0
34,0,0,0,7,2,3,0,0
27,0,3,0,18,2,3,0,0
38,0,2,0,24,2,3,0,0
31,1,0,0,24,2,2,1,0
33,1,0,0,5,1,4,4,0
34,0,3,1,6,4,2,2,0
28,1,0,0,24,2,4,7,0
34,0,0,0,24,2,2,2,0
27,0,3,0,24,2,2,0,0
39,0,0,0,24,2,3,1,0
27,1,0,0,24,2,2,0,0
43,0,3,0,3,0,2,0,1
36,1,0,0,18,2,4,3,0
22,0,0,0,24,2,1,0,0
32,0,3,1,24,2,4,2,0
25,0,2,0,3,0,2,1,0
37,1,3,0,24,2,2,2,0
22,1,0,0,24,2,2,2,0
29,0,0,0,24,2,1,0,0
27,1,0,0,12,2,2,2,0
44,0,0,0,24,2,3,0,0
31,0,3,0,4,1,3,1,0
44,1,1,0,24,2,2,0,0
22,0,3,0,24,2,1,3,0
29,1,0,0,20,3,3,0,0
30,1,0,0,24,2,2,0,0
32,1,1,0,23,3,2,4,0
29,0,0,0,20,3,2,2,0
37,0,1,0,11,4,1,4,1
40,1,0,0,24,2,3,1,0
34,1,1,0,18,2,3,0,1
38,0,0,0,10,4,2,0,0
31,0,0,0,24,2,2,2,0
35,0,3,0,16,1,3,0,0
34,0,0,0,18,2,3,0,0
18,0,0,0,5,1,1,0,0
30,0,0,0,24,2,2,0,0
35,0,3,0,17,1,3,1,0
57,1,0,0,18,2,3,0,1
25,1,0,0,20,3,3,7,0
19,0,0,0,24,2,1,4,0
31,1,0,0,24,2,3,2,0
24,0,0,0,15,3,1,1,0
36,0,3,0,24,2,3,0,0
52,1,0,0,18,2,3,0,0
34,1,3,0,16,1,3,0,0
27,0,3,0,17,1,1,2,1
25,0,2,0,24,2,2,2,0
23,0,0,0,24,2,2,2,0
38,0,0,0,23,3,3,0,0
27,0,0,0,24,2,3,0,0
33,0,0,0,15,3,2,0,0
44,1,0,0,24,2,3,0,0
29,0,0,0,23,3,2,2,0
49,0,0,0,24,2,3,2,1
32,1,0,0,15,3,3,1,0
22,0,0,0,15,3,1,2,0
28,0,0,0,6,4,3,0,0
32,1,0,0,24,2,4,6,0
37,0,0,0,24,2,3,0,0
29,0,3,0,24,2,2,1,0
28,0,0,0,24,2,3,0,0
32,1,3,0,12,2,3,4,0
27,0,0,0,24,2,3,0,0
37,0,1,0,4,1,2,0,0
32,0,0,0,7,2,2,2,1
63,0,0,0,18,2,3,0,0
29,1,0,0,24,2,2,6,0
27,1,0,0,24,2,3,0,0
39,0,0,0,15,3,3,0,0
36,1,6,0,12,2,3,2,0
25,0,3,0,24,2,2,0,0
31,1,0,0,24,2,3,0,0
32,1,1,0,24,2,3,0,0
40,1,3,0,24,2,4,0,0
36,0,1,0,25,1,4,4,0
24,0,3,0,24,2,2,0,0
42,0,0,0,20,3,2,0,0
25,0,1,0,24,2,1,0,0
34,0,0,0,24,2,3,0,0
29,0,0,0,12,2,3,0,0
33,0,0,0,24,2,3,0,0
30,1,3,0,24,2,3,0,1
19,0,0,0,23,3,1,0,0
26,0,0,0,12,2,3,0,0
42,0,1,0,12,2,3,0,0
36,1,3,0,18,2,3,6,0
25,0,0,0,12,2,2,2,0
21,0,0,0,24,2,1,0,0
24,0,3,0,8,4,2,0,0
23,0,0,0,20,3,2,0,0
32,0,0,0,15,3,3,0,0
27,0,3,0,19,1,2,2,0
35,1,0,0,5,1,5,4,0
28,1,3,0,16,1,2,1,0
31,0,0,0,23,3,2,2,0
61,1,0,0,12,2,3,1,0
44,0,3,0,24,2,4,4,0
34,0,3,0,12,2,3,0,0
34,1,0,0,12,2,3,4,0
29,0,3,0,7,2,3,0,0
37,0,0,0,20,3,5,7,0
18,0,0,0,24,2,1,2,1
49,0,0,0,23,3,3,0,0
43,0,0,0,20,3,4,1,0
33,0,1,0,18,2,3,0,0
28,0,0,0,24,2,3,1,0
27,0,0,0,12,2,3,2,0
34,0,0,0,24,2,2,0,0
29,0,0,0,24,2,3,2,0
46,0,0,0,15,3,2,0,0
26,1,0,0,15,3,2,0,0
25,0,1,0,4,1,1,0,1
23,0,0,0,24,2,2,0,0
35,0,3,0,24,2,2,1,0
28,0,0,0,18,2,2,2,0
35,0,0,0,24,2,5,0,0
36,1,0,0,23,3,3,0,1
36,0,2,0,24,2,4,0,0
26,0,0,0,23,3,1,0,0
29,0,3,0,18,2,3,1,0
43,1,0,0,24,2,3,0,0
22,0,0,0,24,2,1,0,0
35,0,0,0,12,2,2,2,0
31,0,3,0,18,2,4,3,0
29,0,3,0,20,3,3,2,0
29,0,3,0,6,4,2,0,0
29,1,1,0,12,2,4,2,0
27,0,2,0,15,3,3,0,0
31,1,0,0,23,3,3,5,0
25,0,0,0,24,2,2,1,0
24,0,0,0,20,3,1,0,0
34,1,2,0,24,2,2,2,0
30,0,0,0,20,3,2,0,0
32,0,0,0,24,2,3,2,0
44,0,0,0,18,2,2,0,0
30,0,0,0,24,2,2,0,0
54,1,2,0,24,2,3,0,0
50,1,0,0,24,2,3,1,0
34,1,0,0,24,2,3,0,0
34,1,3,0,12,2,2,1,0
22,0,0,0,15,3,1,0,0
27,1,3,0,12,2,2,2,0
36,1,0,0,15,3,3,1,0
34,1,1,0,12,2,3,2,1
31,0,0,0,10,4,5,0,0
23,0,3,0,24,2,3,0,0
25,0,0,0,10,4,2,0,0
38,1,0,0,7,2,3,0,0
38,0,0,0,18,2,4,1,0
37,0,0,0,24,2,5,0,0
30,0,0,0,18,2,3,1,0
32,0,0,0,15,3,2,1,0
26,1,0,0,16,1,3,1,0
32,1,2,0,12,2,3,0,0
26,0,3,0,18,2,3,0,0
33,0,0,0,24,2,2,1,0
23,0,0,0,24,2,2,2,0
24,1,0,0,24,2,1,0,0
25,0,3,0,6,4,1,0,0
22,0,0,0,6,4,1,0,0
27,1,0,0,15,3,2,2,0
45,1,0,0,20,3,3,0,0
34,0,0,0,19,1,3,0,0
40,0,0,0,23,3,3,5,0
35,1,0,0,24,2,2,7,0
47,1,0,0,12,2,2,2,1
28,0,0,0,18,2,1,0,1
27,0,0,0,24,2,2,0,0
33,1,0,1,15,3,2,0,0
45,1,0,0,18,2,4,0,0
37,0,0,0,18,2,2,0,0
31,0,0,0,24,2,3,0,0
26,0,0,0,4,1,1,4,0
36,0,1,0,18,2,3,0,0
24,0,0,0,8,4,2,2,1
25,0,3,0,10,4,1,2,0
25,0,3,0,5,1,3,2,0
28,0,3,0,4,1,2,1,0
28,0,3,0,5,1,2,0,0
35,0,0,0,24,2,2,0,0
42,0,1,0,24,2,3,1,0
24,0,0,0,24,2,2,0,0
29,0,0,0,18,2,2,4,0
43,0,0,0,24,2,3,0,0
22,1,3,0,24,2,2,0,0
36,1,0,0,24,2,5,4,0
38,0,0,0,15,3,3,1,0
52,0,0,0,18,2,3,1,0
25,0,0,0,20,3,4,0,0
33,0,0,0,20,3,2,0,0
36,0,0,0,24,2,3,5,0
32,1,0,0,23,3,5,2,0
34,0,0,0,24,2,5,2,0
24,0,0,0,24,2,1,4,0
31,0,0,0,15,3,5,3,0
35,0,0,0,12,2,3,0,0
49,0,0,0,12,2,2,1,0
24,0,0,0,12,2,2,0,1
28,0,3,0,24,2,2,2,0
33,1,0,0,15,3,4,0,0
34,1,3,1,23,3,1,2,0
22,1,3,0,24,2,1,7,0
40,0,3,0,12,2,2,0,0
32,0,0,0,24,2,3,2,0
33,0,0,0,24,2,4,2,0
23,0,0,0,24,2,2,4,0
28,0,0,0,24,2,1,0,1
31,0,0,0,20,3,3,0,0
26,0,3,0,6,4,2,0,0
27,0,0,0,4,1,2,0,0
28,0,0,0,18,2,3,0,0
31,0,3,0,18,2,1,0,0
36,1,0,0,25,1,2,1,0
32,0,1,0,24,2,3,0,0
25,0,0,0,23,3,2,1,0
43,0,2,0,24,2,3,2,0
34,0,0,0,24,2,3,0,0
31,0,3,0,15,3,1,2,0
28,0,0,0,24,2,2,4,0
45,0,0,0,24,2,4,4,0
31,0,3,0,4,1,4,0,0
25,0,0,0,23,3,2,2,0
29,0,0,0,12,2,4,0,0
34,0,3,0,15,3,3,1,0
36,1,0,1,4,1,4,7,1
33,0,3,0,23,3,3,0,0
24,1,0,0,15,3,3,1,0
29,0,0,0,12,2,3,2,0
27,0,0,0,7,2,2,2,0
36,0,0,0,24,2,3,0,0
61,0,0,0,24,2,3,0,1
25,0,1,0,4,1,1,6,1
31,0,3,0,24,2,3,0,0
35,0,0,0,24,2,2,1,0
22,0,0,0,24,2,1,0,0
32,0,0,0,23,3,5,2,0
23,0,3,0,23,3,1,0,0
30,0,3,0,7,2,2,1,1
32,0,0,0,24,2,2,0,0
38,0,0,0,24,2,3,0,0
32,0,1,0,23,3,3,0,0
23,0,0,0,12,2,1,4,0
46,1,1,0,12,2,3,0,0
35,0,0,0,24,2,1,0,0
36,1,0,0,24,2,2,5,0
33,1,3,0,23,3,5,2,0
35,0,3,0,18,2,4,2,0
35,1,0,0,12,2,3,1,0
26,0,3,0,6,4,4,0,0
33,0,1,0,24,2,2,5,0
29,0,3,0,2,0,3,0,1
32,0,0,0,24,2,2,0,0
36,0,3,0,12,2,1,1,0
23,0,3,0,6,4,2,0,1
41,0,0,0,24,2,4,1,0
42,0,1,0,12,2,4,0,0
55,0,3,0,24,2,3,1,0
26,0,0,0,24,2,3,2,0
31,0,0,0,18,2,4,4,0
26,0,3,0,24,2,2,0,1
24,1,3,0,24,2,2,0,0
32,0,0,0,10,4,4,0,0
28,0,0,0,18,2,2,0,0
29,0,3,0,14,1,2,2,0
28,1,0,0,15,3,4,7,0
57,0,0,0,23,3,2,0,1
32,0,0,0,18,2,2,0,0
24,0,1,0,20,3,2,4,0
20,0,1,0,17,1,2,2,1
23,1,0,0,24,2,2,0,0
27,0,0,0,6,4,2,2,0
42,0,0,0,15,3,3,1,0
27,0,0,0,24,2,3,0,0
33,1,1,0,12,2,4,0,0
34,0,0,0,24,2,5,7,0
26,0,0,0,7,2,2,2,0
22,0,0,0,24,2,1,0,0
28,0,0,0,19,1,2,5,0
32,0,3,0,3,0,3,0,0
26,0,0,0,24,2,2,2,0
21,0,2,0,6,4,1,2,0
32,0,0,0,16,1,2,1,0
27,1,3,0,12,2,3,2,0
32,1,0,0,23,3,2,2,0
26,0,0,1,18,2,3,0,0
30,0,3,0,19,1,2,1,0
30,0,0,0,15,3,3,0,0
41,1,2,0,6,4,3,0,0
30,0,0,0,24,2,3,2,0
41,0,3,0,24,2,4,1,1
25,0,1,0,7,2,1,0,0
30,0,0,0,20,3,4,1,0
33,1,0,0,24,2,4,3,0
23,1,3,0,25,1,2,1,0
32,0,0,0,5,1,2,0,0
34,1,1,1,21,0,3,1,0
38,1,0,0,18,2,4,2,0
34,0,0,0,23,3,4,0,0
26,0,0,0,4,1,4,2,0
29,0,1,0,18,2,2,0,0
48,1,3,0,6,4,5,0,0
36,1,1,0,24,2,2,0,0
37,0,0,0,6,4,4,3,0
28,0,3,0,24,2,3,2,0
27,0,0,0,12,2,1,0,0
36,0,0,0,24,2,2,2,1
29,0,3,0,4,1,1,0,0
33,0,0,0,24,2,2,1,0
28,0,0,0,24,2,2,0,0
37,0,0,0,24,2,2,1,1
27,0,0,0,18,2,2,2,0
28,1,0,0,24,2,2,0,1
25,0,0,0,10,4,3,1,0
64,0,0,0,12,2,3,1,1
26,0,0,0,15,3,2,2,0
37,0,0,0,24,2,3,0,0
33,1,0,0,18,2,3,0,0
65,0,0,0,24,2,2,0,1
33,0,3,0,24,2,3,1,0
27,0,3,0,19,1,4,2,0
29,1,1,0,24,2,4,2,0
33,0,0,0,24,2,2,0,0
37,0,0,0,24,2,3,0,0
52,1,3,0,5,1,3,4,1
21,1,0,0,18,2,1,4,0
23,1,0,0,12,2,1,4,1
36,0,0,0,12,2,5,1,0
31,0,0,0,23,3,3,3,0
37,0,3,0,24,2,2,0,0
26,0,1,0,18,2,2,1,0
33,0,3,0,18,2,2,0,0
25,0,0,0,14,1,4,0,0
33,1,0,0,12,2,3,6,0
23,0,3,0,7,2,2,0,0
42,0,3,0,24,2,2,0,0
22,1,0,0,24,2,2,1,0
27,0,3,1,4,1,2,0,1
38,1,0,0,23,3,3,4,0
33,0,3,0,6,4,2,0,0
35,0,0,0,24,2,4,2,0
30,0,1,0,12,2,2,0,0
30,1,3,0,20,3,4,0,0
30,0,0,0,20,3,4,4,0
37,0,3,0,7,2,2,2,0
27,0,3,0,15,3,3,1,0
29,0,0,0,23,3,2,2,0
30,0,3,0,4,1,2,2,0
25,1,0,0,15,3,2,4,0
30,1,0,0,12,2,3,5,0
32,1,0,0,15,3,4,4,0
26,1,1,0,24,2,3,0,0
25,0,3,0,7,2,3,1,0
28,0,0,0,24,2,1,0,0
27,0,0,0,18,2,4,0,0
42,1,0,0,24,2,4,4,0
36,1,3,0,24,2,3,0,0
20,1,1,0,5,1,1,4,1
30,0,0,0,10,4,2,1,0
39,1,0,0,24,2,2,0,1
23,0,3,0,23,3,1,1,0
46,0,3,0,3,0,3,0,1
33,0,0,0,12,2,2,2,0
39,0,3,0,24,2,3,0,0
31,0,3,0,15,3,4,0,0
36,0,3,0,6,4,3,0,0
32,1,0,0,15,3,2,2,0
40,0,0,0,23,3,3,1,0
21,1,0,0,15,3,2,0,0
38,1,0,0,18,2,5,0,0
29,0,3,0,23,3,4,2,0
20,0,0,0,5,1,1,0,0
44,0,0,1,6,4,5,6,0
36,0,0,0,13,0,3,0,0
26,0,0,0,24,2,3,0,0
32,1,3,0,4,1,1,0,0
35,0,0,0,15,3,3,0,0
27,0,0,0,12,2,2,6,0
27,1,0,0,24,2,2,6,0
26,0,1,0,25,1,4,7,0
28,0,0,0,24,2,2,0,1
30,0,6,0,24,2,2,0,0
32,1,0,0,24,2,3,1,0
24,1,0,0,24,2,2,4,0
31,0,0,0,26,0,1,1,1
38,0,0,0,24,2,3,0,0
33,0,0,0,12,2,3,0,0
25,0,0,0,1,1,2,1,0
35,0,0,0,23,3,3,1,0
28,1,0,0,24,2,3,2,0
28,0,0,0,18,2,1,0,0
25,1,3,0,18,2,2,0,0
30,0,2,0,24,2,1,0,0
22,0,0,0,15,3,1,1,0
31,0,0,0,18,2,2,1,0
29,0,1,0,18,2,3,1,0
28,1,0,0,24,2,2,1,0
40,1,0,0,7,2,2,0,0
41,1,3,0,5,1,3,0,0
26,0,0,0,24,2,2,1,0
34,1,3,0,24,2,4,2,0
32,0,0,0,20,3,4,3,0
24,0,3,0,15,3,1,0,0
29,1,2,0,24,2,2,2,0
37,0,0,0,6,4,3,1,0
24,0,0,0,24,2,4,3,0
35,0,0,0,15,3,3,0,0
31,0,0,0,24,2,4,2,1
27,0,0,0,24,2,2,2,0
29,0,0,0,18,2,2,2,0
28,0,0,0,24,2,2,2,0
43,0,0,0,15,3,3,1,0
48,0,0,0,9,1,2,2,0
30,0,0,0,18,2,2,2,0
26,0,0,0,23,3,2,2,0
31,0,3,0,18,2,4,7,0
44,0,3,0,23,3,3,1,0
35,0,0,0,18,2,4,0,1
30,1,0,0,15,3,2,1,0
31,0,0,0,20,3,3,1,0
27,1,3,0,5,1,2,2,0
33,0,3,0,24,2,3,1,0
34,0,3,0,18,2,3,2,0
23,0,0,0,7,2,1,0,0
21,0,2,0,18,2,1,2,0
34,0,0,0,4,1,5,0,0
30,0,0,0,3,0,3,2,0
29,0,0,0,6,4,3,2,0
28,0,3,0,6,4,2,0,0
29,0,3,0,12,2,4,1,0
25,0,0,0,24,2,2,2,0
32,0,3,0,12,2,4,0,0
40,0,0,0,23,3,3,2,0
29,1,0,0,12,2,3,4,0
25,1,2,0,24,2,2,2,0
45,1,0,0,15,3,2,0,0
34,1,0,0,24,2,3,0,0
30,1,3,0,25,1,3,0,0
47,0,0,0,24,2,3,0,0
32,1,0,0,23,3,2,6,0
31,1,0,0,18,2,4,4,0
24,0,3,0,24,2,4,0,0
36,0,3,0,8,4,2,2,0
27,1,0,0,16,1,3,6,0
30,0,0,0,5,1,5,2,0
34,0,0,0,20,3,4,2,0
27,0,0,0,7,2,2,2,0
28,0,3,0,24,2,4,0,0
23,1,0,0,15,3,2,0,0
27,0,1,0,24,2,2,0,0
33,0,3,0,24,2,2,0,0
32,0,3,0,24,2,2,0,0
32,0,0,0,24,2,5,1,0
45,0,0,0,23,3,3,1,0
29,0,3,0,1,1,1,0,0
26,0,0,0,16,1,2,0,0
37,1,0,0,18,2,2,5,0
25,0,0,0,20,3,1,0,0
32,1,0,0,15,3,5,2,0
31,0,0,0,24,2,3,0,0
22,0,0,0,8,4,1,1,0
46,0,3,1,2,0,3,0,0
28,0,0,0,23,3,2,0,0
29,1,0,0,3,0,3,7,1
34,1,0,0,20,3,3,0,0
34,0,0,0,24,2,2,2,0
35,1,0,0,24,2,1,0,1
24,0,3,0,15,3,1,0,1
37,0,0,0,24,2,3,0,0
30,0,0,0,12,2,2,2,0
37,0,0,0,12,2,3,0,0
35,0,0,0,24,2,4,2,0
32,0,2,0,23,3,5,3,0
24,0,0,0,24,2,2,1,0
27,0,0,0,24,2,1,2,0
26,0,1,0,24,2,2,0,0
28,1,0,0,15,3,2,2,0
40,1,1,0,4,1,2,0,1
38,0,0,0,20,3,3,0,0
35,0,0,0,18,2,3,0,0
24,1,3,0,6,4,2,1,0
27,1,0,0,20,3,3,2,0
28,0,0,0,24,2,3,1,0
24,0,2,0,24,2,2,1,0
51,0,0,0,15,3,2,0,0
21,0,0,0,4,1,1,0,0
27,1,0,0,15,3,4,2,0
54,0,3,0,15,3,4,0,0
32,0,0,0,24,2,2,1,0
28,0,0,0,24,2,3,1,0
21,1,0,0,24,2,1,0,0
26,0,3,0,20,3,2,4,0
18,0,0,0,24,2,1,0,0
32,0,2,0,15,3,3,2,0
28,1,1,0,23,3,2,1,0
25,0,0,0,24,2,3,0,0
27,1,0,0,24,2,2,2,0
29,0,0,0,20,3,5,0,0
23,0,3,0,5,1,1,0,0
23,0,3,0,24,2,1,1,0
26,0,0,0,24,2,2,2,0
51,1,0,0,24,2,2,1,1
28,0,0,0,24,2,3,0,0
34,0,0,0,18,2,5,0,0
33,0,0,0,24,2,2,0,0
29,0,1,0,24,2,4,0,0
44,0,0,0,24,2,2,2,1
38,0,0,0,12,2,3,4,0
29,1,0,0,24,2,3,2,0
32,1,0,0,24,2,5,0,1
23,0,0,0,24,2,2,0,0
26,0,0,0,5,1,1,2,0
24,0,0,0,16,1,2,0,0
31,0,3,0,6,4,5,7,0
34,0,3,0,24,2,1,0,0
27,1,0,0,1,1,2,0,0
23,0,0,0,24,2,2,2,0
26,0,0,0,18,2,2,2,0
33,0,0,0,12,2,4,2,0
32,0,3,0,24,2,2,4,0
49,1,0,0,20,3,3,0,0
34,1,0,0,18,2,5,7,0
23,0,3,0,4,1,1,2,0
35,0,0,0,24,2,3,5,0
31,0,0,0,24,2,3,0,0
32,0,0,0,14,1,3,0,0
32,1,1,0,18,2,2,3,0
27,1,0,0,23,3,3,1,0
44,0,0,0,18,2,3,0,0
50,0,0,0,8,4,3,0,0
24,1,3,0,15,3,2,0,0
42,0,3,0,23,3,3,0,1
35,0,5,0,8,4,3,0,0
28,0,0,0,15,3,4,0,0
47,1,0,0,24,2,2,0,0
18,1,0,0,24,2,1,0,0
30,0,0,0,20,3,3,0,0
31,0,0,0,24,2,2,0,0
33,0,0,0,20,3,3,0,0
32,0,0,0,24,2,2,0,0
23,0,0,1,16,1,1,0,0
41,0,3,0,16,1,1,1,0
27,0,0,0,6,4,2,2,0
24,0,0,0,18,2,1,0,0
37,1,0,0,8,4,2,5,0
32,1,0,0,24,2,2,5,1
25,0,0,0,12,2,1,4,0
49,0,0,0,24,2,3,1,0
23,0,0,0,15,3,1,0,0
54,0,0,0,4,1,4,3,0
38,0,0,0,12,2,2,1,1
25,0,0,0,15,3,2,2,0
29,0,3,0,5,1,1,1,1
36,1,2,0,24,2,5,7,0
26,0,0,0,20,3,4,7,0
34,0,3,0,24,2,2,0,0
33,0,0,0,12,2,3,0,0
42,0,1,0,24,2,3,4,0
27,0,0,0,24,2,2,2,0
28,0,1,0,4,1,3,1,0
37,0,0,0,8,4,5,0,0
51,0,1,0,12,2,2,3,0
23,0,3,0,24,2,2,0,0
26,0,0,0,24,2,3,0,0
31,0,3,0,8,4,3,0,0
22,0,3,0,24,2,2,1,0
21,0,0,0,24,2,1,1,0
22,0,1,0,4,1,2,0,0
21,1,3,0,24,2,1,0,0
34,0,3,0,4,1,2,1,0
45,0,3,0,6,4,3,0,0
37,0,3,0,12,2,3,0,0
31,0,0,0,23,3,4,0,0
30,0,1,0,10,4,1,0,0
28,0,0,0,24,2,1,4,0
30,0,0,0,18,2,2,2,0
29,1,0,0,6,4,3,0,0
28,0,3,0,6,4,3,0,0
28,0,3,0,15,3,2,1,0
39,1,0,0,24,2,3,0,0
41,0,0,0,24,2,2,0,0
22,0,0,0,15,3,1,0,0
27,0,3,0,26,0,2,0,1
41,1,0,0,24,2,3,2,0
29,1,0,0,12,2,2,1,0
47,1,0,1,24,2,3,2,0
34,0,0,0,18,2,3,1,0
22,0,3,0,5,1,1,0,1
26,0,3,0,24,2,2,4,0
29,0,0,0,15,3,3,2,0
24,0,2,0,24,2,2,2,0
41,0,0,0,24,2,3,4,0
40,0,0,0,12,2,2,2,0
23,0,0,0,24,2,2,4,0
36,0,3,0,12,2,3,0,0
38,1,3,0,4,1,4,0,1
35,0,3,0,24,2,5,3,0
32,0,0,0,8,4,1,0,0
27,0,1,0,24,2,3,0,0
36,0,0,0,12,2,3,1,1
28,0,0,0,4,1,2,1,0
39,0,0,0,15,3,3,0,0
29,1,3,0,12,2,3,2,0
25,1,0,0,16,1,2,0,0
22,1,0,0,24,2,1,0,0
37,1,0,0,23,3,4,0,0
23,0,0,0,24,2,2,0,0
28,0,0,0,24,2,2,0,0
31,0,0,0,24,2,3,1,0
27,0,0,0,24,2,3,0,0
33,0,0,0,24,2,3,6,0
55,0,0,0,24,2,2,2,0
29,0,3,0,15,3,2,2,0
38,0,0,0,20,3,3,1,0
28,1,3,0,20,3,2,7,0
21,0,5,0,16,1,1,0,0
22,1,1,0,24,2,2,1,0
20,1,3,0,13,0,1,0,1
29,0,0,0,12,2,2,0,0
35,0,3,0,4,1,3,1,0
32,0,0,0,23,3,2,0,0
35,0,0,0,24,2,4,4,0
43,1,0,0,24,2,3,0,1
33,0,0,0,15,3,3,1,0
38,0,0,0,23,3,3,0,0
29,0,0,0,24,2,2,2,0
46,0,0,0,24,2,3,0,0
35,0,0,0,5,1,3,1,0
53,0,0,0,8,4,3,1,0
33,1,0,0,24,2,2,0,0
27,0,3,0,13,0,4,3,1
20,1,0,0,15,3,1,2,1
28,0,0,0,24,2,2,2,0
26,0,3,0,24,2,2,0,0
30,0,0,0,20,3,3,2,1
38,0,0,0,18,2,4,1,0
28,0,0,0,24,2,2,2,0
45,1,0,0,12,2,4,0,0
21,0,0,0,7,2,1,0,0
24,1,3,0,24,2,2,6,0
39,0,1,0,24,2,2,0,0
32,0,0,0,24,2,3,0,0
24,0,1,0,7,2,1,2,0
26,1,0,0,15,3,3,2,0
30,0,3,0,24,2,2,3,0
31,0,0,0,24,2,2,0,0
39,0,0,0,12,2,4,2,0
21,0,0,0,20,3,1,0,0
42,1,0,0,24,2,5,3,0
31,1,3,0,24,2,4,7,0
27,1,0,0,24,2,2,0,0
26,0,0,0,24,2,2,2,0
56,1,0,0,23,3,2,1,0
20,0,1,0,6,4,1,0,0
47,0,1,0,4,1,2,0,0
36,0,0,0,20,3,3,0,0
47,0,3,0,24,2,3,0,0
29,1,0,0,18,2,3,5,0
30,0,0,0,20,3,2,0,0
29,0,0,0,24,2,4,0,0
28,0,0,0,24,2,2,2,0
30,0,3,0,18,2,3,0,0
27,0,0,0,6,4,2,2,0
28,0,1,0,15,3,2,0,0
30,0,0,0,24,2,2,2,0
24,0,0,0,23,3,2,0,0
35,1,3,0,8,4,2,0,1
25,0,1,0,24,2,2,0,0
42,0,0,0,24,2,4,0,0
30,1,0,0,16,1,1,2,0
37,0,0,0,24,2,5,3,0
32,0,3,0,18,2,2,0,0
33,1,0,0,8,4,3,0,0
26,0,0,0,15,3,3,0,0
31,0,0,0,12,2,4,2,0
28,0,0,0,15,3,2,2,0
30,0,0,1,24,2,3,0,0
26,0,1,0,15,3,2,2,0
27,0,1,0,18,2,4,0,0
30,1,3,0,24,2,2,0,0
34,0,1,0,24,2,2,0,0
28,0,0,0,24,2,2,0,1
23,0,3,0,23,3,2,1,0
31,0,3,0,24,2,3,1,0
22,0,0,0,24,2,2,4,0
33,0,0,0,7,2,4,2,0
30,0,2,0,24,2,2,4,0
31,0,0,0,24,2,4,0,0
34,0,3,0,14,1,3,0,1
22,0,3,0,23,3,2,1,0
26,0,0,0,24,2,2,0,0
25,0,0,0,24,2,1,7,0
34,0,0,0,24,2,3,0,0
31,0,0,0,24,2,3,5,0
48,0,0,0,24,2,2,0,0
33,0,0,0,23,3,3,0,0
33,0,3,0,24,2,3,1,0
32,0,1,0,24,2,3,0,0
23,0,3,0,6,4,2,0,0
32,0,0,0,12,2,4,0,0
33,1,0,0,15,3,2,2,0
31,0,2,0,24,2,3,2,0
38,1,0,0,24,2,4,2,0
33,1,0,0,12,2,4,4,0
40,0,0,0,24,2,3,0,0
29,0,3,0,5,1,2,6,1
32,0,3,0,5,1,2,0,0
29,1,0,0,12,2,2,0,0
35,0,0,0,20,3,3,0,0
37,0,3,0,24,2,3,0,0
33,0,0,0,18,2,3,0,0
36,0,3,0,23,3,3,6,0
36,0,0,0,24,2,2,1,0
34,1,0,0,24,2,3,0,0
32,0,3,0,20,3,4,2,0
36,1,3,0,12,2,1,0,0
34,1,0,0,24,2,2,4,0
38,0,0,0,20,3,2,2,0
26,0,3,0,3,0,2,0,0
28,0,0,0,14,1,3,2,0
36,0,3,0,9,1,1,3,1
26,0,0,0,6,4,3,2,0
43,0,3,0,24,2,2,0,0
40,0,3,0,12,2,3,0,0
26,0,0,0,24,2,2,2,0
30,0,1,0,7,2,2,1,0
25,0,0,0,20,3,1,0,0
23,0,3,0,18,2,2,1,0
28,0,0,0,24,2,4,0,0
28,0,0,0,12,2,2,0,0
25,0,0,0,15,3,2,0,0
27,0,0,0,24,2,2,0,0
30,0,3,0,24,2,4,2,0
28,0,3,0,24,2,3,6,0
23,0,3,0,5,1,1,0,0
30,1,0,0,18,2,4,7,0
28,1,1,0,12,2,3,0,0
33,0,0,0,24,2,3,1,0
40,0,1,0,24,2,3,5,0
38,1,0,0,18,2,3,0,0
35,0,0,0,24,2,3,5,0
28,1,0,0,24,2,3,1,0
44,0,0,0,24,2,3,0,0
27,1,3,0,7,2,2,0,0
28,0,3,0,8,4,3,0,0
47,0,0,0,18,2,2,1,0
39,0,0,0,24,2,3,2,1
31,0,0,0,15,3,3,1,0
28,0,3,0,15,3,3,2,0
25,0,1,0,24,2,2,0,0
28,0,3,0,18,2,1,1,0
34,0,0,0,24,2,3,1,0
26,0,0,0,14,1,3,2,0
37,1,1,0,20,3,2,2,0
26,1,0,0,16,1,2,0,0
33,0,1,0,18,2,2,2,0
34,0,0,0,18,2,5,2,0
27,0,3,0,12,2,3,2,0
26,1,3,0,24,2,2,7,0
33,0,3,0,24,2,3,1,0
32,0,0,0,6,4,4,1,0
35,0,1,0,6,4,4,2,0
25,0,0,0,20,3,2,2,0
25,0,1,0,8,4,3,0,0
40,0,0,0,24,2,2,0,0
42,0,2,0,24,2,4,0,0
44,0,0,0,24,2,3,0,0
33,0,0,0,8,4,3,7,0
33,0,0,0,15,3,3,7,0
26,0,0,0,24,2,3,0,0
34,1,0,0,15,3,4,7,0
34,1,0,0,24,2,3,0,0
37,0,0,0,4,1,3,0,0
31,1,0,0,24,2,3,0,1
26,0,0,0,15,3,3,1,0
30,0,0,0,12,2,3,2,0
45,0,3,0,24,2,4,0,1
34,0,0,0,14,1,1,0,1
38,1,0,0,24,2,5,3,0
31,0,0,0,15,3,3,2,0
25,0,2,0,24,2,2,0,0
29,0,0,0,12,2,3,2,0
22,0,0,0,24,2,2,0,0
50,0,3,0,24,2,3,0,0
48,0,0,0,12,2,2,0,0
23,0,1,0,8,4,1,0,0
25,0,3,0,24,2,2,0,0
37,1,0,0,20,3,5,3,0
22,1,0,0,23,3,2,0,0
25,1,0,0,24,2,1,2,0
29,1,0,0,24,2,2,2,0
23,0,0,0,23,3,1,0,0
25,1,3,0,6,4,2,1,0
33,0,0,0,20,3,5,3,0
57,0,0,0,24,2,3,0,0
28,0,0,0,6,4,2,2,0
33,0,0,0,18,2,5,2,0
29,0,3,0,24,2,5,3,0
28,0,0,0,7,2,3,0,0
33,0,0,0,18,2,3,0,0
34,1,3,0,12,2,4,4,0
35,0,0,0,15,3,2,0,0
32,1,1,0,18,2,2,0,0
27,1,0,0,24,2,3,0,0
40,0,0,0,24,2,3,0,0
37,0,0,0,23,3,2,0,0
38,0,2,0,24,2,3,2,0
27,0,0,0,12,2,2,2,0
34,0,3,0,4,1,3,0,0
26,0,3,0,5,1,1,2,0
47,1,3,0,6,4,3,1,0
28,0,0,0,24,2,4,2,0
28,1,0,0,24,2,2,2,0
29,0,3,0,8,4,2,2,0
34,0,0,0,15,3,4,0,0
39,0,3,0,18,2,3,0,1
39,1,0,0,24,2,3,0,1
25,0,0,0,20,3,4,3,1
29,0,0,0,20,3,2,0,0
30,0,3,0,3,0,4,3,0
30,1,0,0,16,1,4,2,1
28,0,0,0,15,3,2,0,0
26,1,0,0,24,2,2,0,0
30,0,1,0,4,1,1,0,1
24,0,0,0,12,2,2,2,0
30,0,0,0,12,2,2,0,0
44,0,0,0,23,3,3,1,0
28,0,0,0,24,2,4,0,0
35,0,0,0,24,2,2,1,0
46,0,0,0,24,2,3,0,0
35,0,5,0,23,3,5,1,0
23,0,0,0,24,2,2,0,0
43,0,0,0,18,2,1,0,1
34,1,0,0,24,2,3,5,0
39,0,3,0,4,1,3,0,0
25,0,0,0,25,1,2,2,0
39,0,1,0,24,2,3,2,0
22,0,3,0,5,1,3,0,0
34,1,3,0,6,4,4,1,0
42,0,0,0,24,2,3,0,0
29,1,0,1,24,2,2,0,0
32,1,2,0,24,2,3,0,0
37,0,0,0,24,2,4,6,0
21,0,1,0,24,2,2,0,0
35,0,0,0,24,2,3,5,0
24,0,0,0,12,2,1,0,0
36,0,0,0,20,3,4,2,0
46,0,3,0,8,4,3,2,0
35,0,0,0,4,1,3,0,0
24,0,0,0,3,0,2,0,0
24,1,0,0,18,2,1,0,0
29,1,0,0,24,2,2,6,0
36,0,0,0,24,2,4,2,0
27,0,0,0,24,2,4,0,0
40,0,3,0,18,2,2,6,0
33,0,1,0,16,1,5,2,0
23,0,0,0,15,3,1,0,0
31,0,0,0,12,2,2,4,0
29,0,0,0,15,3,2,0,0
26,0,3,0,24,2,2,0,0
29,0,0,0,12,2,3,2,0
22,0,3,0,16,1,1,2,0
26,0,0,0,7,2,2,1,0
27,0,3,0,12,2,2,1,0
38,0,0,0,18,2,3,0,0
27,0,3,0,24,2,2,2,0
24,1,4,0,8,4,2,7,0
27,1,0,0,12,2,2,2,0
23,0,3,0,24,2,1,0,0
26,0,0,0,24,2,2,2,0
28,0,0,0,24,2,3,5,0
27,0,0,0,12,2,1,0,0
33,0,1,0,23,3,2,2,0
29,0,0,0,24,2,4,0,0
27,0,0,0,15,3,3,0,0
35,1,3,0,18,2,1,0,1
24,0,0,0,24,2,3,1,0
27,1,5,0,24,2,2,0,0
21,0,3,0,23,3,1,0,0
36,1,0,0,12,2,3,0,0
33,0,3,1,24,2,3,0,0
26,0,1,0,24,2,2,0,1
36,0,0,0,24,2,4,2,0
26,0,0,0,7,2,2,2,0
29,1,0,0,24,2,2,0,0
34,1,0,0,24,2,2,0,1
31,0,3,0,24,2,3,1,0
39,1,0,0,24,2,3,0,0
37,0,0,0,18,2,2,0,0
25,0,0,0,17,1,1,0,0
27,0,0,0,18,2,3,4,0
27,0,3,0,12,2,2,2,0
28,0,0,0,24,2,2,2,0
24,0,0,0,12,2,1,0,0
25,0,0,0,24,2,2,4,0
28,0,3,0,15,3,2,0,0
42,0,1,0,24,2,4,0,0
29,0,0,0,23,3,2,0,0
31,1,0,0,24,2,3,1,0
29,0,3,0,6,4,2,0,0
28,0,0,0,24,2,4,2,0
54,1,0,0,24,2,1,0,1
34,0,3,0,24,2,4,6,0
31,0,0,0,24,2,4,3,0
25,1,3,0,24,2,1,0,0
33,1,0,0,24,2,2,0,0
32,0,3,0,24,2,3,0,0
30,0,0,0,24,2,3,1,0
27,0,0,0,24,2,2,3,0
38,0,0,1,19,1,1,0,0
24,0,0,0,15,3,3,0,0
32,0,3,0,24,2,3,0,0
38,0,0,0,23,3,2,0,0
20,0,0,0,24,2,1,0,0
26,1,0,0,18,2,2,0,1
28,0,3,0,24,2,3,0,0
29,0,0,0,23,3,3,0,0
31,0,0,0,20,3,3,1,0
31,0,0,0,24,2,5,4,0
26,1,0,0,24,2,2,6,0
30,0,3,0,24,2,3,2,0
25,0,0,0,24,2,2,0,0
27,1,3,0,8,4,3,4,0
25,0,2,0,24,2,2,2,0
34,1,3,0,6,4,3,0,0
33,0,0,0,24,2,3,1,0
40,1,0,0,8,4,2,1,0
26,0,0,0,18,2,2,0,0
47,0,0,0,12,2,4,1,0
28,0,3,0,5,1,2,0,0
30,0,0,0,24,2,2,1,0
36,0,1,0,12,2,3,0,0
30,1,3,0,24,2,3,4,0
20,1,1,0,8,4,1,5,0
34,0,1,0,4,1,3,1,0
37,0,0,0,24,2,2,7,0
46,0,0,0,24,2,3,1,0
27,0,0,0,3,0,5,3,0
39,0,0,0,24,2,4,4,0
27,0,1,0,23,3,2,0,0
36,0,3,1,12,2,3,2,0
29,0,0,0,10,4,2,1,0
26,0,1,0,4,1,1,0,0
26,0,3,0,15,3,1,1,0
37,1,0,0,24,2,1,0,0
27,1,0,0,24,2,2,2,0
40,1,3,0,6,4,1,0,0
45,1,0,0,24,2,3,0,0
38,0,0,1,24,2,2,4,0
30,0,3,0,24,2,3,2,0
38,1,3,0,12,2,2,4,0
29,0,3,0,18,2,4,7,0
51,1,0,0,24,2,3,4,0
22,0,3,0,24,2,1,0,0
26,0,1,0,18,2,2,2,0
22,0,0,0,24,2,1,2,0
29,0,3,0,18,2,2,2,0
32,0,0,0,12,2,2,0,0
43,1,0,0,6,4,4,0,0
25,0,0,0,12,2,2,2,0
33,1,0,0,24,2,3,0,0
37,0,0,0,1,1,2,0,1
29,0,3,0,12,2,3,1,0
27,0,0,0,24,2,2,1,0
27,0,0,0,24,2,2,0,0
28,0,0,0,20,3,4,0,0
21,0,3,0,15,3,1,0,0
35,0,3,0,11,4,3,0,0
28,0,3,0,5,1,2,0,0
22,0,1,0,13,0,1,0,0
33,0,3,0,24,2,2,1,0
20,0,0,0,12,2,1,0,0
38,0,0,0,24,2,2,0,0
31,1,0,0,12,2,2,0,0
37,1,0,0,24,2,3,1,0
49,0,3,0,18,2,4,0,0
19,0,0,0,9,1,1,0,1
30,0,3,0,12,2,2,2,0
25,1,3,0,24,2,2,0,1
22,0,3,0,13,0,2,4,0
31,1,0,0,15,3,3,2,0
33,0,0,0,24,2,4,2,0
34,0,2,0,24,2,3,2,0
34,0,0,0,23,3,2,2,0
31,0,0,0,24,2,3,2,0
38,1,0,0,24,2,2,0,0
38,0,3,0,6,4,3,0,0
59,0,3,1,6,4,3,0,0
44,0,0,0,12,2,2,1,0
26,1,0,0,14,1,2,0,0
20,0,0,0,24,2,1,0,0
30,0,2,0,24,2,2,2,0
23,0,0,0,24,2,1,0,0
46,1,0,0,4,1,3,0,0
41,1,1,0,4,1,3,1,1
34,0,0,0,24,2,4,3,0
24,1,1,0,24,2,1,0,1
28,0,0,0,12,2,3,1,0
24,0,1,0,15,3,3,1,0
29,0,3,0,4,1,2,1,1
34,0,0,0,15,3,5,0,1
27,0,3,0,12,2,3,0,0
31,1,0,0,24,2,2,5,0
26,0,0,0,23,3,2,2,0
26,0,0,0,5,1,2,0,1
28,0,3,0,20,3,2,0,0
37,0,0,0,15,3,3,0,0
38,0,1,0,12,2,5,3,0
27,0,3,0,24,2,3,2,0
25,0,0,0,15,3,2,1,0
20,0,3,0,18,2,1,0,1
27,0,0,0,20,3,2,0,0
23,1,0,0,7,2,1,0,0
22,0,0,1,6,4,1,4,1
49,1,0,0,24,2,5,0,0
28,0,0,0,24,2,2,2,0
35,0,0,0,12,2,3,0,0
31,0,1,0,18,2,2,0,0
27,1,3,0,24,2,3,0,0
26,0,3,0,24,2,2,1,0
23,0,3,0,24,2,2,1,0
27,0,0,0,15,3,2,0,0
31,0,0,0,24,2,2,1,0
25,0,0,0,6,4,2,0,1
42,0,1,0,6,4,3,0,0
32,1,1,0,24,2,4,0,0
24,0,3,0,8,4,2,0,0
41,0,0,0,18,2,3,4,1
31,0,0,0,18,2,3,2,1
43,0,0,0,15,3,3,1,0
20,1,0,0,18,2,1,5,0
31,0,0,0,15,3,3,0,0
41,1,0,0,6,4,4,4,0
31,0,3,0,11,4,3,0,0
22,0,0,0,15,3,1,0,0
27,0,0,0,6,4,2,0,0
32,0,0,0,24,2,2,0,0
30,0,0,0,12,2,4,1,0
27,0,3,0,24,2,2,1,0
21,0,3,0,8,4,1,4,0
35,1,0,0,18,2,2,4,0
25,0,3,0,7,2,2,0,0
34,0,3,0,18,2,5,6,0
28,0,3,0,24,2,2,0,0
27,0,0,0,24,2,2,4,0
52,0,0,0,20,3,2,0,0
32,1,0,0,12,2,2,0,0
35,0,0,0,24,2,3,0,0
26,0,0,0,15,3,2,2,0
40,0,0,0,24,2,3,0,0
41,0,0,0,24,2,3,0,0
27,1,1,0,4,1,1,0,0
42,0,0,0,4,1,3,2,0
38,0,0,0,24,2,3,0,0
32,0,0,0,18,2,2,4,0
31,1,0,0,19,1,2,0,0
30,0,3,0,9,1,3,2,0
39,0,0,0,12,2,3,0,1
32,1,0,0,15,3,4,1,0
32,0,0,0,24,2,3,1,0
30,0,3,0,15,3,4,1,0
36,1,0,0,6,4,2,0,0
29,1,0,0,18,2,2,2,0
39,0,0,0,20,3,3,0,0
40,0,0,0,15,3,3,0,0
24,0,0,0,4,1,1,0,0
32,1,0,0,24,2,3,0,0
26,0,1,0,24,2,2,0,0
28,0,3,0,24,2,3,0,0
25,0,3,0,19,1,2,2,0
30,0,1,0,12,2,1,0,0
24,0,3,0,25,1,4,3,1
53,0,0,0,12,2,3,1,0
20,0,1,0,16,1,1,0,0
27,0,0,0,24,2,2,2,0
35,0,3,0,18,2,1,0,0
29,0,0,0,24,2,2,4,0
36,1,0,0,15,3,3,2,0
27,1,0,0,15,3,2,0,0
53,0,1,0,24,2,2,1,0
28,1,1,0,18,2,3,0,0
28,0,3,0,24,2,3,0,0
27,0,0,0,18,2,1,0,0
32,1,3,0,24,2,3,0,0
25,1,0,0,24,2,3,5,0
27,1,3,0,24,2,2,5,0
30,1,1,0,23,3,3,0,0
53,0,0,0,23,3,3,5,0
26,0,0,0,20,3,1,3,0
30,0,2,0,24,2,3,2,0
27,0,3,0,14,1,3,2,0
30,0,0,0,10,4,2,1,0
46,0,0,0,23,3,3,0,0
33,0,0,0,24,2,2,1,0
55,0,3,0,4,1,3,4,0
29,0,0,0,18,2,3,2,0
28,0,0,0,4,1,4,2,0
29,1,1,0,18,2,4,2,0
28,1,0,0,6,4,5,0,0
51,0,1,0,24,2,2,0,1
32,0,0,0,16,1,3,2,0
37,0,0,0,24,2,3,2,0
26,1,0,0,6,4,3,1,0
26,0,0,0,24,2,1,0,0
21,0,0,0,5,1,1,0,0
32,0,0,0,18,2,5,0,0
29,0,3,0,18,2,1,1,0
28,1,1,0,18,2,3,7,0
25,1,0,0,24,2,4,3,0
24,1,0,0,12,2,3,6,0
30,0,3,0,1,1,4,0,0
28,0,3,0,23,3,2,2,0
26,0,3,0,13,0,2,4,0
39,1,0,0,12,2,5,3,0
29,0,1,0,18,2,3,1,0
24,0,3,0,24,2,2,0,0
30,0,0,0,24,2,1,0,1
29,1,3,0,15,3,3,2,0
31,1,4,1,15,3,2,0,0
33,0,0,0,24,2,3,0,0
29,0,0,0,24,2,2,0,0
36,0,3,0,20,3,2,6,0
29,0,0,0,12,2,2,2,0
46,0,3,0,24,2,3,1,0
23,0,0,0,24,2,2,4,0
24,0,0,0,24,2,3,0,0
20,0,0,0,15,3,1,0,1
34,0,0,0,24,2,3,0,0
33,0,0,0,15,3,3,0,0
21,1,3,0,1,1,2,0,1
27,0,0,0,24,2,2,0,0
24,0,0,0,24,2,2,0,0
26,0,0,0,15,3,1,2,0
25,0,3,0,14,1,2,0,0
27,0,3,0,12,2,2,2,0
38,0,0,0,24,2,4,2,0
37,0,0,0,24,2,2,1,0
39,0,0,0,15,3,2,5,0
28,1,0,0,24,2,2,0,0
36,1,0,0,24,2,1,0,0
30,1,0,0,15,3,5,0,0
23,0,0,0,24,2,3,0,0
47,0,3,0,5,1,1,0,0
37,0,0,0,23,3,3,2,0
39,0,0,0,10,4,3,0,0
24,0,0,0,23,3,3,2,0
26,0,1,0,18,2,2,4,0
25,0,0,0,5,1,4,4,0
47,0,3,0,13,0,3,0,0
34,0,2,0,8,4,2,1,0
32,0,3,0,24,2,4,2,0
41,0,0,0,24,2,2,0,0
27,0,0,0,23,3,3,3,0
27,0,0,0,24,2,2,2,0
38,0,0,0,1,1,1,1,0
43,0,0,0,12,2,2,0,0
44,1,0,0,12,2,2,7,0
40,1,3,0,16,1,3,1,0
59,0,0,0,24,2,3,0,1
25,0,0,0,12,2,2,0,0
54,1,0,0,18,2,3,0,0
31,1,0,0,12,2,4,2,0
36,1,0,0,12,2,2,0,0
30,0,0,0,24,2,2,2,0
26,0,0,0,15,3,3,0,0
25,0,0,0,15,3,3,2,0
29,1,0,0,24,2,2,0,0
36,0,0,0,17,1,4,1,0
25,1,0,0,8,4,4,6,0
29,0,0,0,10,4,3,0,0
50,0,3,0,18,2,3,0,0
25,0,0,0,4,1,3,0,0
28,0,0,0,24,2,3,1,0
31,0,0,0,15,3,3,0,0
23,1,0,0,24,2,2,0,0
33,0,0,0,12,2,3,0,0
31,1,0,0,24,2,3,2,0
27,1,0,0,12,2,2,2,0
27,0,0,0,15,3,2,4,0
29,0,0,0,24,2,2,2,0
29,1,0,0,18,2,2,5,0
27,1,3,0,4,1,3,2,0
28,0,0,0,15,3,3,1,0
41,1,3,0,24,2,3,1,0
46,0,0,0,12,2,3,0,0
34,0,3,0,24,2,2,2,0
25,0,2,0,24,2,2,2,0
29,0,3,0,6,4,4,3,1
44,0,3,0,17,1,2,0,0
36,0,0,0,12,2,2,0,0
20,0,3,0,24,2,1,0,0
37,0,6,0,23,3,4,2,0
24,0,1,0,1,1,1,0,0
25,0,0,0,24,2,3,1,0
30,0,3,0,4,1,4,2,0
24,0,3,0,7,2,2,0,0
30,0,0,0,12,2,1,0,1
38,1,5,0,12,2,3,7,1
35,1,0,0,20,3,3,1,0
40,1,0,0,18,2,3,0,0
29,1,1,0,24,2,2,0,0
37,0,0,0,6,4,4,1,0
27,0,0,0,10,4,3,1,0
40,0,0,0,20,3,3,7,1
35,1,3,0,18,2,4,0,0
29,1,0,0,24,2,2,5,0
22,0,3,0,12,2,1,0,0
33,0,0,0,18,2,3,1,0
47,1,3,0,6,4,3,0,1
29,0,0,0,24,2,2,2,0
40,0,0,0,24,2,3,0,0
38,0,0,0,24,2,4,0,0
26,1,3,0,12,2,3,0,0
38,0,3,0,24,2,3,2,1
25,0,0,0,24,2,2,2,0
26,1,3,0,16,1,2,2,1
19,1,0,0,23,3,1,1,0
32,0,0,0,24,2,4,2,0
32,0,0,0,12,2,3,2,0
29,0,0,0,10,4,3,4,0
33,0,0,0,15,3,2,2,0
35,1,0,0,24,2,4,2,0
32,0,3,0,6,4,2,0,0
46,0,3,0,18,2,2,0,0
38,1,0,0,20,3,2,0,0
37,0,3,0,24,2,2,1,0
59,0,1,0,6,4,2,0,1
31,1,0,0,18,2,2,1,0
26,0,0,0,4,1,1,2,0
32,0,0,0,24,2,2,6,0
32,0,0,0,24,2,2,1,0
31,1,0,0,20,3,4,1,0
39,0,3,0,12,2,2,0,0
27,0,1,0,24,2,3,3,0
28,0,0,0,15,3,3,0,0
34,0,3,0,24,2,3,0,0
29,0,0,0,15,3,3,1,0
33,0,1,0,15,3,2,0,0
27,0,0,0,24,2,2,0,1
33,0,3,0,24,2,2,0,0
36,0,0,0,15,3,3,1,0
27,0,0,0,20,3,1,0,1
34,1,0,0,18,2,2,1,0
41,0,0,0,24,2,3,0,0
27,0,1,0,4,1,2,2,0
27,1,3,0,18,2,3,2,0
32,0,3,0,24,2,4,0,0
28,0,3,0,18,2,2,4,0
27,0,0,0,15,3,2,1,0
27,1,0,0,24,2,2,1,0
34,0,0,0,24,2,2,0,0
30,1,0,0,15,3,2,0,0
30,1,1,0,23,3,3,7,0
34,0,0,0,15,3,3,1,0
28,1,0,0,23,3,3,6,0
40,0,0,0,24,2,3,0,0
26,1,2,1,24,2,2,0,0
32,0,0,0,12,2,1,0,0
26,1,3,0,21,0,4,1,0
30,0,0,0,8,4,4,2,0
32,1,0,0,18,2,2,0,0
20,0,0,0,24,2,1,0,0
57,0,0,0,24,2,5,0,0
29,0,0,0,24,2,2,2,0
57,0,3,0,24,2,3,1,0
30,0,0,0,23,3,3,0,0
38,0,0,0,24,2,3,6,0
38,0,1,0,12,2,2,0,1
40,0,0,0,21,0,3,6,0
27,0,3,0,12,2,2,0,0
35,1,0,0,4,1,2,0,0
35,0,0,0,24,2,2,1,0
29,0,3,0,5,1,2,0,1
30,1,1,0,24,2,3,1,0
29,0,0,0,12,2,3,1,0
24,0,0,0,24,2,1,0,0
37,1,2,0,24,2,3,0,1
29,0,0,0,12,2,2,2,1
34,0,3,0,4,1,2,1,0
42,1,0,0,24,2,3,0,0
24,0,0,0,15,3,3,1,0
26,1,0,0,23,3,2,0,0
35,0,3,0,12,2,1,4,0
30,0,0,0,6,4,4,7,1
39,1,2,0,24,2,3,0,0
39,1,0,0,24,2,4,2,0
26,0,3,0,4,1,1,2,0
34,0,0,0,23,3,3,6,0
26,1,0,0,24,2,2,2,0
56,0,0,0,24,2,2,1,0
31,0,0,0,24,2,2,2,0
42,0,0,0,15,3,3,2,0
46,0,0,0,24,2,2,0,0
40,0,0,0,24,2,4,4,0
30,0,0,0,24,2,2,2,0
39,0,0,0,24,2,2,0,0
36,0,0,0,4,1,3,2,0
30,0,0,0,20,3,3,1,0
30,1,0,0,16,1,4,0,1
34,1,0,0,12,2,3,1,0
56,1,0,0,23,3,2,1,1
32,1,0,0,12,2,2,2,0
47,0,0,0,24,2,3,1,0
39,1,2,0,24,2,4,6,0
29,1,0,0,24,2,4,0,0
38,0,0,0,24,2,3,4,0
25,0,0,0,24,2,2,0,0
48,0,0,0,20,3,2,0,0
34,0,0,0,12,2,2,0,0
29,0,3,0,6,4,2,3,0
25,1,2,0,24,2,1,0,0
32,0,3,0,15,3,4,2,1
24,0,0,0,19,1,2,0,0
46,0,0,0,18,2,5,3,0
29,1,0,0,15,3,4,2,0
27,1,0,0,18,2,2,1,0
37,0,0,0,6,4,3,0,0
25,0,0,0,15,3,3,0,0
23,0,3,0,7,2,1,0,0
30,0,0,0,7,2,4,2,0
26,0,3,0,4,1,2,2,0
29,0,0,0,19,1,4,0,0
32,0,0,0,15,3,1,1,0
39,0,3,0,20,3,2,1,0
34,0,3,0,6,4,2,4,0
35,0,0,0,24,2,3,1,0
29,0,0,0,16,1,4,2,0
32,0,0,0,12,2,3,1,0
25,0,1,0,24,2,1,3,0
30,0,0,0,24,2,3,1,0
42,0,0,0,24,2,3,1,0
30,0,0,0,20,3,3,1,0
33,0,3,0,12,2,3,0,0
20,0,3,0,4,1,1,0,0
34,0,0,0,1,1,3,1,0
27,0,3,0,14,1,3,2,0
29,1,1,0,12,2,4,4,0
22,0,0,0,12,2,1,0,0
31,0,1,0,24,2,2,2,0
42,1,0,0,23,3,4,0,0
40,1,0,0,24,2,3,4,0
23,1,0,0,24,2,2,0,0
39,1,0,0,23,3,4,7,0
43,0,3,0,18,2,3,0,0
37,0,2,0,12,2,4,0,0
39,1,1,0,12,2,3,2,0
29,0,3,0,18,2,4,2,0
40,0,0,0,20,3,4,4,0
31,0,3,0,19,1,3,2,0
26,0,0,0,15,3,4,2,0
33,1,2,0,18,2,2,0,1
33,0,0,0,24,2,2,1,0
24,1,0,0,12,2,3,0,0
34,0,0,0,24,2,2,1,0
34,0,0,0,24,2,3,0,0
29,0,3,0,6,4,3,0,0
37,0,0,0,15,3,3,0,0
38,0,0,0,24,2,3,2,0
34,0,0,0,24,2,3,0,0
26,0,0,0,24,2,2,2,0
25,0,0,0,24,2,2,0,0
40,0,0,0,24,2,3,0,0
23,0,0,0,23,3,1,0,0
23,1,1,0,12,2,1,1,1
31,1,0,0,24,2,2,2,0
28,0,0,0,18,2,3,2,0
26,1,5,0,24,2,2,2,0
35,0,3,0,9,1,1,0,0
26,0,2,0,24,2,2,0,1
30,1,3,0,23,3,3,4,0
31,0,3,0,4,1,1,0,0
27,0,0,0,24,2,2,2,0
29,0,0,0,20,3,4,4,0
55,0,1,0,24,2,1,0,0
37,0,0,0,12,2,4,1,1
42,0,0,0,24,2,3,0,0
24,0,0,0,20,3,1,0,0
41,0,0,0,15,3,3,0,0
27,0,1,0,15,3,3,0,0
53,0,0,0,16,1,2,6,0
52,0,0,0,8,4,3,0,0
33,1,0,0,24,2,4,1,0
33,0,0,0,24,2,4,2,0
36,0,0,0,24,2,2,5,0
27,0,4,0,15,3,2,2,0
44,0,0,0,12,2,3,0,0
36,1,0,0,24,2,3,0,0
29,0,0,0,24,2,2,2,0
39,0,3,0,15,3,2,1,0
31,0,0,0,19,1,1,0,0
53,0,2,0,24,2,3,4,0
34,1,0,0,23,3,4,0,0
30,0,3,0,24,2,2,2,0
30,1,0,0,20,3,3,2,0
30,1,3,0,24,2,3,5,0
27,0,0,0,24,2,2,2,0
23,0,3,0,24,2,3,2,0
23,0,0,0,12,2,2,0,0
25,0,0,0,24,2,3,0,0
34,0,3,0,24,2,3,0,0
29,0,3,0,18,2,3,0,1
35,1,3,0,24,2,2,0,0
31,0,0,0,24,2,4,0,0
31,0,0,0,23,3,2,5,0
38,0,0,0,15,3,2,4,0
26,0,0,0,23,3,3,0,0
33,0,3,0,24,2,3,0,0
24,0,0,0,4,1,3,2,0
42,0,0,0,23,3,3,3,0
23,0,3,0,24,2,2,5,0
61,0,0,0,24,2,4,0,1
52,0,0,0,24,2,3,1,0
55,1,0,0,24,2,4,2,0
30,0,0,0,15,3,3,1,0
34,1,0,0,24,2,3,4,0
22,1,3,0,24,2,2,0,0
27,1,3,0,12,2,2,4,0
31,0,3,0,18,2,2,0,0
25,0,3,0,24,2,2,4,0
27,1,0,0,24,2,4,2,0
24,0,0,0,24,2,1,4,0
28,0,3,0,4,1,4,0,0
53,0,0,0,24,2,3,1,0
31,0,3,0,12,2,3,4,0
27,0,0,0,24,2,4,0,1
28,0,0,0,24,2,1,0,0
49,1,3,0,5,1,4,0,0
51,0,1,0,24,2,3,0,0
31,0,0,0,20,3,2,1,0
35,0,0,0,18,2,2,0,0
48,1,0,0,24,2,3,7,1
28,0,3,0,7,2,2,0,0
18,0,3,0,24,2,1,0,0
41,0,3,0,23,3,3,0,0
22,0,0,0,24,2,1,4,0
27,0,0,0,24,2,2,2,0
41,0,3,0,24,2,3,0,0
27,0,0,0,18,2,4,3,0
28,0,0,0,14,1,2,5,0
26,0,3,0,24,2,2,2,0
26,0,0,0,24,2,1,0,1
45,0,0,0,24,2,3,0,0
33,1,0,0,23,3,4,7,0
23,0,3,0,5,1,1,0,0
39,0,3,0,8,4,2,1,0
35,0,0,0,20,3,3,0,0
24,0,0,0,6,4,1,1,0
31,0,3,0,24,2,2,5,0
23,0,0,0,15,3,2,0,0
28,0,3,0,9,1,3,7,0
24,0,3,0,13,0,2,0,0
27,1,0,0,6,4,3,0,0
38,0,0,0,6,4,4,4,0
25,0,0,0,24,2,3,2,0
37,0,3,0,23,3,4,4,0
21,0,0,0,24,2,2,0,0
39,0,0,0,24,2,4,0,0
48,0,0,0,20,3,5,0,0
38,0,0,0,15,3,4,0,0
33,0,0,0,24,2,2,1,0
28,1,3,0,23,3,3,1,0
31,0,3,0,18,2,2,5,0
26,0,0,0,24,2,2,2,0
28,1,1,0,24,2,3,2,0
26,0,2,0,24,2,2,0,0
42,0,0,0,20,3,3,0,0
27,1,0,0,24,2,2,5,0
43,0,0,0,24,2,3,0,0
34,0,1,0,18,2,3,2,0
30,0,0,0,24,2,3,0,0
34,0,3,0,20,3,2,0,0
44,1,0,0,18,2,3,0,0
29,1,0,0,24,2,3,5,0
26,0,0,0,24,2,2,4,0
31,1,2,0,24,2,3,0,0
33,0,3,0,12,2,3,0,0
26,1,3,0,4,1,4,1,0
43,1,0,0,24,2,5,0,1
30,1,3,0,24,2,2,2,0
31,1,0,0,20,3,3,1,0
30,1,0,0,24,2,2,4,0
20,0,3,0,10,4,1,0,1
23,0,0,0,18,2,1,4,0
30,0,0,0,24,2,2,0,0
31,0,0,0,1,1,3,2,0
21,0,0,0,12,2,1,0,0
42,0,1,0,4,1,1,0,1
31,0,0,0,24,2,2,6,0
26,0,3,0,5,1,4,2,0
32,1,3,0,24,2,3,1,0
33,0,3,0,12,2,4,0,0
25,0,3,0,12,2,2,1,0
23,0,0,0,12,2,2,2,0
29,0,3,0,24,2,2,2,0
34,0,0,0,17,1,3,1,0
26,0,0,0,12,2,3,2,0
34,1,1,0,18,2,2,5,1
30,0,3,0,24,2,3,2,0
29,0,3,0,18,2,3,1,0
36,0,0,1,18,2,3,0,0
25,0,0,1,15,3,3,2,0
27,0,0,0,4,1,1,0,0
21,0,3,0,18,2,1,1,0
23,0,0,0,23,3,3,1,0
22,0,0,0,20,3,2,2,0
29,1,0,0,24,2,3,2,0
28,0,0,0,14,1,2,0,0
41,0,3,0,16,1,2,0,0
48,0,0,0,14,1,4,0,0
48,1,0,0,24,2,3,2,0
25,0,0,0,24,2,2,1,0
28,0,0,0,23,3,2,0,0
32,0,3,0,24,2,3,5,0
30,0,0,0,23,3,2,0,0
43,0,0,0,24,2,3,1,0
33,0,0,0,24,2,1,5,0
24,0,1,0,11,4,1,1,0
37,0,3,0,16,1,2,0,0
30,0,0,0,15,3,2,2,0
21,0,2,0,24,2,1,0,0
38,0,0,0,6,4,3,0,0
27,0,0,0,24,2,4,0,0
40,1,0,0,24,2,3,1,0
26,0,0,0,24,2,2,0,1
37,1,0,0,24,2,3,5,0
29,0,0,0,12,2,3,2,0
26,0,0,0,24,2,2,4,0
25,1,0,0,14,1,3,7,0
28,0,1,0,18,2,2,0,0
29,0,2,0,15,3,2,2,0
29,0,0,1,6,4,3,6,0
26,1,0,0,6,4,2,0,0
33,0,0,0,5,1,3,1,1
52,0,0,0,24,2,2,1,0
60,0,0,0,16,1,4,1,0
33,1,0,0,24,2,3,0,0
31,0,3,0,24,2,5,7,0
29,0,6,0,23,3,2,1,0
30,0,0,0,13,0,2,0,0
40,0,0,0,24,2,3,0,0
45,0,0,0,24,2,2,0,0
32,0,0,0,24,2,4,2,0
25,0,3,0,8,4,2,0,0
28,1,0,0,16,1,2,2,0
28,0,0,0,23,3,2,1,0
28,1,0,0,23,3,2,1,0
34,0,3,0,15,3,1,0,0
23,0,1,0,24,2,1,0,0
30,0,0,0,18,2,2,3,0
30,0,0,0,24,2,3,5,0
45,0,0,0,23,3,3,2,0
35,1,0,1,24,2,2,0,0
41,0,0,0,20,3,3,1,0
49,0,0,0,24,2,3,0,0
27,0,1,0,18,2,2,0,0
24,0,0,0,15,3,1,4,0
33,1,3,0,24,2,3,0,0
34,1,0,0,18,2,1,5,0
34,0,0,0,15,3,3,0,0
38,0,0,0,24,2,3,6,0
35,0,3,0,12,2,2,0,0
28,0,0,0,20,3,3,0,0
23,0,0,0,12,2,1,0,0
28,0,3,0,8,4,3,0,0
31,0,3,0,24,2,3,1,0
31,0,0,0,16,1,1,0,0
48,0,0,0,24,2,4,0,0
32,0,0,0,12,2,2,0,0
46,0,3,0,4,1,3,0,0
30,1,0,0,12,2,2,2,0
26,0,3,0,23,3,3,2,0
22,0,3,0,12,2,1,0,0
41,0,0,0,18,2,3,0,0
37,0,3,0,13,0,2,0,0
34,0,0,0,24,2,3,5,0
28,1,0,0,24,2,3,2,0
43,0,0,0,20,3,2,1,0
25,0,0,0,15,3,3,2,0
31,0,3,0,15,3,3,0,0
26,1,2,0,15,3,1,0,0
53,0,0,0,4,1,3,7,0
34,1,3,0,24,2,5,7,0
24,1,3,0,23,3,3,1,0
28,0,0,0,24,2,2,5,0
47,1,0,0,7,2,5,3,0
23,0,0,0,19,1,2,0,0
30,0,1,0,16,1,3,4,0
27,1,0,0,12,2,2,2,0
26,1,0,0,1,1,3,6,0
55,0,1,0,24,2,3,4,0
27,1,0,0,24,2,2,4,0
27,1,0,0,20,3,2,2,0
42,0,2,0,24,2,4,0,0
27,0,0,1,26,0,1,0,0
32,0,0,0,24,2,2,0,0
44,0,0,0,24,2,2,0,0
45,1,3,0,20,3,5,2,0
28,0,0,0,23,3,3,2,0
24,0,0,0,16,1,2,1,0
20,0,0,0,5,1,1,0,0
47,0,3,1,24,2,3,0,0
29,1,3,0,5,1,1,2,0
47,0,0,0,24,2,3,0,0
28,0,3,0,4,1,2,1,0
31,1,0,0,12,2,4,0,0
37,0,0,0,15,3,3,0,0
27,0,0,0,24,2,2,2,0
24,0,0,0,24,2,3,5,0
26,1,2,0,20,3,3,1,0
32,0,3,1,24,2,2,0,0
23,0,0,0,24,2,1,0,1
32,0,0,0,7,2,2,0,1
24,0,0,0,24,2,2,0,0
54,0,0,0,24,2,3,0,1
28,0,0,0,12,2,3,4,0
25,0,0,0,24,2,1,0,0
22,0,0,0,24,2,1,0,0
26,0,0,0,24,2,2,0,0
27,1,0,0,6,4,3,2,0
30,0,1,0,24,2,2,2,0
29,0,0,0,23,3,3,0,0
38,0,3,0,17,1,2,1,1
26,0,3,0,12,2,2,0,0
38,0,3,0,12,2,3,0,0
25,0,0,0,18,2,3,0,0
41,1,0,0,23,3,3,5,0
27,0,1,0,12,2,2,2,0
33,1,0,0,9,1,4,4,0
24,0,3,0,24,2,2,0,0
53,1,0,1,24,2,4,0,0
27,0,3,0,12,2,2,3,0
53,1,3,0,6,4,3,1,0
32,1,0,1,24,2,2,2,0
22,0,0,0,23,3,1,2,1
35,0,0,0,24,2,3,2,0
37,0,0,0,12,2,4,0,0
26,0,2,0,24,2,2,0,0
34,0,0,0,24,2,3,2,0
25,0,0,0,24,2,3,0,0
28,0,0,0,16,1,3,1,0
28,0,0,0,20,3,3,0,0
31,1,0,0,24,2,2,2,0
31,0,0,0,24,2,4,0,1
30,0,0,0,12,2,2,2,0
34,0,1,0,24,2,3,1,0
33,1,3,0,24,2,5,0,0
31,0,0,0,23,3,4,2,0
36,1,3,0,24,2,2,0,1
32,1,0,0,24,2,5,2,0
21,0,3,0,23,3,1,0,0
33,0,0,0,20,3,2,1,0
23,0,2,0,15,3,1,2,0
29,0,0,0,18,2,2,2,0
28,0,0,0,18,2,1,2,0
37,0,0,0,12,2,3,0,0
38,0,0,0,7,2,3,0,1
21,0,3,0,15,3,1,4,0
22,0,0,0,24,2,1,2,0
26,1,3,0,7,2,4,0,0
28,0,1,0,24,2,2,0,0
31,0,0,0,5,1,2,0,0
35,0,0,0,15,3,5,3,0
33,0,1,0,24,2,1,1,0
34,1,2,0,24,2,2,0,0
29,0,3,0,24,2,2,0,0
48,0,3,0,12,2,2,0,0
38,0,0,0,20,3,4,2,0
28,1,3,0,24,2,3,5,0
23,0,0,0,15,3,1,1,0
40,1,3,0,12,2,3,0,0
22,0,0,0,24,2,3,0,0
22,0,0,0,14,1,1,4,0
28,0,0,0,8,4,3,0,0
39,0,0,0,24,2,3,5,0
29,1,3,0,15,3,3,1,0
26,1,4,0,5,1,2,2,1
35,0,3,0,24,2,3,0,0
34,0,3,0,18,2,2,1,0
40,0,0,0,24,2,3,1,0
26,0,3,0,12,2,2,2,0
23,0,0,0,16,1,2,1,0
30,0,0,0,18,2,4,7,0
38,0,0,0,16,1,4,2,0
22,1,1,0,18,2,3,1,0
21,0,0,0,5,1,2,0,0
24,0,0,0,24,2,2,0,0
56,0,3,0,15,3,2,0,0
23,1,3,0,12,2,1,1,0
19,1,3,0,23,3,1,7,0
41,1,0,0,16,1,2,0,0
27,1,0,0,24,2,1,1,1
28,0,0,0,15,3,3,1,0
37,1,3,0,12,2,3,1,0
32,0,3,0,12,2,3,0,0
32,0,2,0,24,2,3,1,0
42,0,3,0,24,2,3,0,0
38,0,5,0,14,1,3,0,0
31,0,0,0,24,2,4,4,0
37,0,0,0,5,1,3,0,0
27,1,0,0,12,2,3,0,1
40,1,0,0,24,2,3,0,1
32,0,0,0,24,2,5,0,0
31,0,3,0,1,1,5,3,0
34,0,0,0,24,2,2,2,0
42,0,0,0,16,1,4,0,0
26,1,0,0,6,4,2,0,0
25,0,0,0,23,3,1,0,0
41,0,0,0,14,1,2,0,0
34,1,0,0,15,3,5,7,0
29,0,0,0,12,2,4,2,0
32,0,3,0,5,1,4,2,0
31,0,1,0,24,2,2,0,0
27,0,0,1,15,3,2,1,0
33,1,0,0,24,2,5,3,0
24,0,3,0,12,2,2,2,0
26,0,0,0,15,3,2,0,0
33,0,0,0,24,2,3,1,0
30,0,0,0,24,2,2,0,0
26,0,3,0,12,2,2,4,0
30,1,0,0,12,2,3,6,0
19,0,0,0,23,3,1,0,1
20,0,0,0,12,2,1,0,0
28,0,3,0,18,2,3,0,0
28,1,0,0,24,2,2,0,0
25,0,1,0,12,2,2,4,0
26,0,0,0,24,2,2,0,0
36,0,2,0,20,3,4,1,0
23,0,0,0,24,2,2,7,0
30,1,4,0,16,1,3,2,0
29,1,0,0,12,2,3,0,0
30,1,0,0,24,2,4,2,0
41,0,0,0,20,3,4,0,0
27,0,0,0,24,2,4,3,0
28,0,0,0,18,2,1,0,0
24,0,3,0,12,2,3,1,0
37,0,0,0,15,3,4,0,0
36,1,0,0,24,2,4,1,0
56,0,0,0,20,3,3,7,0
45,0,0,0,24,2,3,0,0
28,0,0,0,15,3,5,0,0
27,0,0,0,24,2,3,0,0
39,1,0,0,24,2,3,1,1
28,0,0,0,24,2,2,0,0
41,0,2,0,24,2,3,5,0
29,0,3,0,12,2,1,0,0
23,0,0,0,24,2,1,0,0
37,0,0,0,20,3,1,0,0
38,0,0,0,23,3,2,0,0
23,0,0,0,24,2,2,3,0
31,0,0,0,15,3,3,2,0
27,0,3,0,7,2,3,2,0
30,0,0,0,23,3,4,0,0
25,1,3,0,24,2,3,2,0
34,0,0,0,20,3,3,0,0
27,1,0,0,6,4,2,2,1
35,0,1,1,15,3,5,4,0
29,0,3,0,10,4,3,0,0
32,0,0,0,24,2,2,2,0
40,0,3,0,18,2,2,0,0
41,0,3,0,6,4,4,2,0
25,0,3,0,18,2,1,1,0
36,0,0,0,24,2,3,0,0
41,0,0,0,24,2,2,0,0
27,0,3,0,15,3,3,1,0
26,0,3,0,18,2,4,2,0
52,1,3,0,24,2,2,4,0
30,0,0,0,15,3,3,1,0
27,0,0,0,18,2,1,1,0
31,0,3,0,17,1,2,2,0
34,0,0,0,20,3,2,0,0
34,0,0,0,15,3,3,0,0
41,1,1,0,20,3,3,1,0
26,1,3,0,25,1,2,0,0
52,0,3,0,5,1,2,0,0
33,0,0,0,24,2,1,0,0
25,0,0,0,20,3,2,1,0
32,1,0,0,24,2,4,2,0
29,0,0,0,24,2,3,1,0
34,0,1,0,6,4,3,0,0
43,1,0,0,18,2,2,1,1
28,1,0,0,23,3,4,4,0
27,1,0,0,24,2,3,4,0
47,0,0,0,15,3,3,1,0
22,0,0,0,24,2,1,0,0
33,0,3,0,24,2,3,0,0
28,1,0,0,4,1,4,2,0
37,1,0,0,24,2,2,0,0
34,1,0,0,24,2,3,1,0
43,0,0,0,15,3,2,1,0
27,0,3,0,14,1,3,0,0
28,0,3,0,7,2,3,2,0
47,0,3,0,24,2,4,1,0
33,1,1,0,6,4,1,7,1
31,0,3,0,4,1,2,2,0
23,0,0,0,15,3,2,1,0
30,0,3,0,24,2,4,2,0
21,1,2,0,24,2,1,1,0
56,0,0,0,24,2,2,0,0
23,0,0,0,24,2,2,0,0
25,0,0,0,15,3,2,2,0
47,0,0,0,4,1,4,4,0
26,1,0,0,24,2,2,1,1
45,0,0,0,15,3,2,0,0
43,0,0,0,24,2,2,0,0
33,0,3,0,24,2,2,0,0
27,0,0,0,24,2,2,0,1
30,1,0,0,20,3,1,0,0
28,0,0,1,12,2,3,0,1
25,0,0,0,6,4,2,5,0
30,0,0,0,24,2,3,0,0
27,1,0,0,16,1,1,2,0
24,0,0,0,18,2,1,0,0
25,0,0,0,24,2,2,0,0
40,1,0,0,20,3,5,0,0
25,0,0,0,24,2,1,0,1
51,0,0,0,23,3,3,0,0
51,0,0,0,24,2,2,0,0
36,0,3,0,8,4,5,4,0
31,0,3,0,24,2,2,0,0
33,1,0,0,24,2,3,0,0
37,0,1,0,20,3,2,1,0
28,0,0,0,1,1,4,2,0
33,0,0,0,12,2,3,3,0
28,1,0,0,4,1,2,2,1
27,0,3,0,24,2,2,1,0
29,0,0,0,24,2,2,2,1
24,0,0,0,15,3,2,2,0
26,0,0,0,18,2,2,1,0
52,1,3,1,18,2,4,4,1
51,0,0,1,15,3,3,0,0
32,1,3,0,24,2,3,2,0
25,0,1,0,6,4,2,0,0
36,0,0,0,24,2,3,0,0
25,1,0,0,18,2,1,1,0
26,1,3,0,24,2,3,1,0
26,1,0,0,12,2,2,1,0
33,0,3,0,18,2,2,0,0
37,1,3,0,15,3,2,0,0
43,0,0,0,24,2,3,0,0
31,0,0,0,15,3,3,2,0
32,0,3,0,24,2,1,0,1
41,0,1,0,18,2,1,1,0
26,0,0,0,4,1,2,2,0
40,1,0,0,15,3,2,0,0
29,1,0,0,23,3,3,0,0
36,0,0,0,23,3,4,1,0
33,0,3,0,8,4,4,2,0
29,0,3,0,24,2,4,2,0
26,0,0,0,15,3,3,1,0
37,0,0,0,12,2,3,0,1
29,0,0,0,24,2,3,4,0
37,0,0,0,5,1,3,1,0
30,0,0,0,18,2,2,2,0
29,1,1,0,24,2,3,0,0
23,0,0,0,24,2,1,0,1
43,0,0,0,24,2,3,5,0
25,0,0,0,20,3,2,0,0
24,0,0,0,12,2,3,2,0
32,0,0,0,24,2,3,1,0
40,0,3,0,19,1,3,2,1
26,0,0,0,24,2,2,4,0
31,0,0,0,24,2,3,2,0
36,0,0,0,4,1,3,0,0
31,0,0,0,24,2,2,4,0
26,0,0,0,20,3,2,1,0
42,0,0,0,7,2,3,0,1
29,0,3,0,4,1,2,2,1
29,1,0,0,23,3,3,2,0
31,1,0,0,24,2,3,6,0
24,0,3,0,16,1,1,0,0
25,0,1,0,5,1,3,2,0
52,0,0,0,24,2,2,0,0
32,1,0,0,15,3,2,0,0
29,0,3,0,18,2,1,0,0
32,0,0,0,24,2,3,2,0
27,0,0,0,7,2,2,2,1
30,1,0,0,5,1,3,2,0
33,0,0,0,25,1,5,3,0
30,0,3,0,18,2,2,0,0
28,0,3,0,23,3,3,1,0
51,0,0,0,24,2,2,0,0
26,0,0,0,13,0,3,0,0
41,0,0,1,18,2,3,0,0
28,1,0,0,24,2,3,0,0
41,0,1,0,16,1,2,0,0
31,0,0,0,12,2,2,5,0
27,0,0,0,20,3,4,1,1
48,1,3,0,12,2,3,1,0
25,0,3,0,8,4,2,0,0
27,1,0,0,19,1,2,0,1
38,0,0,0,15,3,3,1,0
34,1,0,0,24,2,3,0,0
42,0,1,0,24,2,2,0,0
33,0,3,0,23,3,3,1,0
19,0,3,0,15,3,1,1,0
34,0,3,1,18,2,3,2,0
26,0,2,0,15,3,3,2,0
48,0,1,0,12,2,3,0,0
30,0,0,0,24,2,3,2,0
45,1,0,0,24,2,3,0,1
35,0,0,0,24,2,3,0,0
36,1,0,0,24,2,2,2,0
35,0,1,0,12,2,1,0,0
33,0,2,0,24,2,3,1,0
26,0,6,0,12,2,3,1,1
35,0,0,0,23,3,2,0,0
35,1,0,0,24,2,4,3,0
32,0,0,0,24,2,2,1,0
35,0,3,0,3,0,5,0,0
56,0,0,0,24,2,3,1,0
27,0,0,0,24,2,3,0,0
43,0,3,0,20,3,3,0,0
47,1,0,0,15,3,3,0,0
25,0,3,0,16,1,1,1,0
26,0,3,0,11,4,1,0,0
34,0,0,0,17,1,1,0,1
25,0,0,0,15,3,2,0,0
29,0,3,0,18,2,2,1,0
25,0,0,0,24,2,2,1,0
33,1,0,0,24,2,4,0,0
18,0,0,0,23,3,1,0,0
34,0,0,0,6,4,3,0,0
35,1,1,0,12,2,3,0,0
26,0,0,0,24,2,4,0,0
30,1,0,0,24,2,4,0,0
28,0,0,0,12,2,2,2,0
22,0,3,0,8,4,3,0,0
26,1,1,0,4,1,1,0,0
18,0,0,0,23,3,1,0,0
32,0,0,0,12,2,4,2,0
22,0,3,0,24,2,2,5,0
23,0,0,0,8,4,1,0,0
41,0,2,0,12,2,5,0,0
25,0,0,0,7,2,1,0,0
25,0,1,0,24,2,2,0,0
29,1,0,0,24,2,3,2,0
42,0,0,0,6,4,3,0,0
42,1,0,0,24,2,2,0,0
34,0,0,0,24,2,4,1,0
35,1,0,0,24,2,3,0,1
27,0,0,0,24,2,3,2,0
35,0,6,0,24,2,2,4,0
52,1,0,0,18,2,2,4,0
31,0,0,0,15,3,2,0,0
33,0,3,0,15,3,3,1,0
27,0,1,0,4,1,1,4,0
29,1,3,0,24,2,2,5,0
29,0,3,0,24,2,1,0,0
36,0,5,0,20,3,3,1,0
28,1,0,0,15,3,3,5,0
42,0,0,0,24,2,3,0,0
22,1,3,0,1,1,1,2,0
26,1,3,0,24,2,2,1,0
26,0,3,0,7,2,2,2,0
29,0,3,0,12,2,3,4,0
33,0,0,0,24,2,2,0,0
30,0,1,0,16,1,2,0,0
29,0,0,0,24,2,3,1,0
28,0,0,0,24,2,2,0,0
35,0,0,0,9,1,3,2,0
34,0,0,0,24,2,3,2,0
30,0,3,0,24,2,2,0,0
41,0,0,0,18,2,5,3,1
27,1,0,1,24,2,2,2,0
38,0,0,0,4,1,2,0,0
33,0,0,0,18,2,3,2,0
40,0,0,0,24,2,3,0,0
28,0,3,0,1,1,2,2,0
36,1,0,0,24,2,3,1,0
32,0,0,0,24,2,3,2,0
25,1,3,0,12,2,2,4,0
25,1,0,0,24,2,2,0,0
25,1,1,0,4,1,2,0,0
28,1,0,0,12,2,2,0,0
32,0,0,0,12,2,2,0,0
26,0,0,0,24,2,2,0,0
42,0,2,0,7,2,3,0,1
39,0,3,0,12,2,4,0,0
43,1,1,0,12,2,3,5,0
27,0,0,0,6,4,2,2,0
41,0,1,0,24,2,3,0,0
37,0,0,0,24,2,3,0,0
24,0,0,0,12,2,2,2,0
28,1,0,0,24,2,2,1,0
27,0,0,0,24,2,2,0,0
32,1,0,0,24,2,4,0,0
26,0,0,0,20,3,2,0,0
24,0,0,0,24,2,2,4,0
32,0,0,0,12,2,3,0,0
28,0,0,0,20,3,5,2,0
27,1,0,0,20,3,2,4,0
45,0,0,0,20,3,3,1,1
27,0,3,0,8,4,2,0,0
33,0,0,0,23,3,3,2,0
35,0,3,0,24,2,2,1,0
64,1,0,0,20,3,2,0,0
53,0,3,0,6,4,3,1,0
31,1,0,0,12,2,4,2,0
35,0,0,0,23,3,3,2,1
34,0,3,0,7,2,4,2,0
29,1,3,0,15,3,4,7,0
38,0,3,0,24,2,3,0,0
30,0,0,0,24,2,2,2,0
29,0,3,0,12,2,3,0,0
21,0,0,0,24,2,1,0,0
33,0,0,0,18,2,3,0,0
25,0,0,0,18,2,1,4,0
60,0,0,0,6,4,3,1,0
21,0,1,0,24,2,1,0,0
40,0,0,0,24,2,5,2,0
26,0,3,0,13,0,2,4,0
26,0,3,0,12,2,2,1,1
26,1,0,0,24,2,2,2,0
43,0,0,1,23,3,3,1,0
27,0,3,0,24,2,2,0,0
37,1,1,0,24,2,3,5,1
25,0,1,0,12,2,2,2,0
26,0,3,0,4,1,2,2,0
20,1,0,0,24,2,2,0,0
38,1,0,0,7,2,2,0,0
39,0,0,0,12,2,3,0,0
30,1,0,0,24,2,2,1,0
30,0,3,0,24,2,2,0,0
28,1,3,0,7,2,1,0,0
32,0,3,0,24,2,4,2,1
34,0,0,0,17,1,1,0,1
40,0,0,0,20,3,2,0,0
28,0,0,0,10,4,2,0,0
29,0,0,0,16,1,4,2,0
30,0,0,0,6,4,2,2,0
39,1,0,0,20,3,4,1,0
33,1,0,0,4,1,4,0,0
29,0,3,0,24,2,2,0,0
26,0,0,0,24,2,2,2,0
23,0,3,0,14,1,2,2,0
43,0,3,0,24,2,3,1,0
25,0,0,0,12,2,3,1,0
35,0,0,0,14,1,5,0,1
26,1,0,0,15,3,4,1,0
27,0,0,0,12,2,1,0,0
32,0,0,0,6,4,3,1,0
31,0,3,0,4,1,3,2,0
43,1,0,0,24,2,3,0,0
30,0,3,0,23,3,3,2,0
27,0,3,0,12,2,2,2,0
44,0,3,1,18,2,2,4,0
25,0,3,0,4,1,1,2,0
29,1,2,0,24,2,2,0,0
29,0,3,0,23,3,3,0,0
23,1,3,0,5,1,1,0,0
32,0,0,0,24,2,3,0,0
33,0,0,0,20,3,2,0,0
38,1,2,0,5,1,3,5,0
32,0,0,0,24,2,2,1,0
25,0,0,0,24,2,4,0,0
25,0,3,0,6,4,1,2,0
24,0,0,0,24,2,3,2,0
24,0,0,0,24,2,2,4,0
35,0,0,0,12,2,2,0,0
31,0,0,0,24,2,3,0,0
29,0,3,0,12,2,3,2,0
41,0,0,0,12,2,2,1,0
26,0,0,0,24,2,2,0,0
21,0,3,0,24,2,2,4,0
24,1,3,0,12,2,2,4,0
29,0,0,0,24,2,3,2,0
23,0,0,0,24,2,2,2,0
34,0,0,0,18,2,4,2,0
30,0,0,0,24,2,2,2,1
39,0,0,0,15,3,1,2,0
21,0,0,0,12,2,2,0,1
23,1,0,0,24,2,1,5,0
41,1,0,0,16,1,2,5,0
51,0,0,0,24,2,2,0,0
33,1,0,0,12,2,3,1,0
25,0,0,0,23,3,3,0,0
33,0,3,0,15,3,3,0,0
27,0,0,0,24,2,3,2,0
36,0,0,0,20,3,3,1,0
35,0,0,0,24,2,2,0,0
27,0,0,0,24,2,2,1,0
26,0,0,0,16,1,3,2,0
30,1,0,0,24,2,4,4,0
32,0,0,0,24,2,3,0,0
47,0,0,0,15,3,3,4,0
31,0,0,0,23,3,4,0,0
41,0,0,0,24,2,3,0,1
26,0,0,0,24,2,2,2,0
26,1,0,0,12,2,4,0,0
39,0,0,0,24,2,3,1,0
28,0,0,0,24,2,2,0,0
24,0,0,0,10,4,2,1,0
25,1,3,0,12,2,3,0,0
26,0,3,0,1,1,2,2,0
34,0,0,0,18,2,4,0,1
24,0,0,1,24,2,2,2,0
29,0,0,0,24,2,2,0,0
28,0,3,0,16,1,4,1,0
31,1,0,0,24,2,2,1,0
37,1,2,0,24,2,4,3,0
34,1,0,0,24,2,2,0,0
31,1,0,0,18,2,3,5,0
26,0,1,0,19,1,3,1,0
24,0,3,0,24,2,2,1,0
28,0,0,0,23,3,3,0,0
50,0,1,0,24,2,1,0,1
27,1,0,0,15,3,2,5,0
24,0,2,0,24,2,1,0,1
44,1,0,0,12,2,4,0,0
34,1,0,0,5,1,1,0,1
30,0,0,0,24,2,4,2,0
40,0,0,1,16,1,2,0,1
33,0,0,0,20,3,2,0,0
19,0,0,0,24,2,1,0,1
37,1,0,0,6,4,5,0,1
25,1,0,0,18,2,2,1,0
46,0,0,0,20,3,3,0,0
45,0,0,0,23,3,3,0,1
35,0,3,0,18,2,4,1,0
39,1,2,0,24,2,2,0,1
41,0,0,0,24,2,3,0,0
33,0,0,0,24,2,2,0,0
32,0,3,0,14,1,5,4,0
24,0,1,0,13,0,2,0,1
36,0,3,0,24,2,3,0,0
26,0,0,0,24,2,3,0,0
33,1,0,0,6,4,3,4,0
44,0,1,0,4,1,3,1,0
24,0,2,0,18,2,2,1,0
28,1,3,0,12,2,3,1,0
43,0,0,0,24,2,3,0,0
31,1,3,0,24,2,3,0,1
44,0,0,0,23,3,3,0,0
35,0,3,0,24,2,2,0,0
30,1,0,0,12,2,3,2,0
23,1,3,0,15,3,1,4,0
40,0,3,0,24,2,3,0,0
26,0,3,0,16,1,1,0,0
27,0,0,0,24,2,3,2,0
30,0,0,0,24,2,3,2,0
41,0,0,0,23,3,3,2,0
23,0,0,0,18,2,1,2,0
33,0,3,0,18,2,1,0,0
31,0,0,1,24,2,5,1,0
31,1,3,0,1,1,1,1,0
29,1,0,0,18,2,4,2,0
26,0,0,0,24,2,2,0,0
20,1,1,0,8,4,1,0,1
38,1,0,0,24,2,1,0,0
32,0,0,0,20,3,3,0,0
35,0,0,0,20,3,3,4,0
33,0,0,0,18,2,4,2,0
34,0,0,0,23,3,2,0,0
42,0,0,0,16,1,3,0,0
29,0,0,0,24,2,3,2,0
24,0,0,0,24,2,3,0,0
35,0,3,0,18,2,1,0,0
28,0,3,0,24,2,2,0,0
19,0,3,0,24,2,1,0,0
37,1,3,0,24,2,2,0,0
61,0,0,0,24,2,2,4,1
20,0,0,1,16,1,1,1,1
27,0,0,0,18,2,2,2,0
31,0,0,0,18,2,2,0,0
20,1,0,0,16,1,1,0,1
29,0,0,0,24,2,3,2,1
25,0,0,0,20,3,4,3,1
37,0,0,0,20,3,3,2,1
24,1,3,0,5,1,2,4,0
32,0,3,0,18,2,2,2,0
22,0,5,0,18,2,1,0,0
30,0,0,0,15,3,2,1,0
41,0,0,0,24,2,2,0,0
28,1,0,0,24,2,2,0,0
28,0,0,1,12,2,3,0,1
35,1,0,0,24,2,3,5,0
37,0,0,0,24,2,2,0,0
39,0,0,0,20,3,3,4,0
31,0,3,0,24,2,3,2,0
43,0,2,0,24,2,1,0,0
56,0,0,0,23,3,4,0,0
47,1,0,0,16,1,3,0,0
30,0,0,0,24,2,3,0,0
36,0,0,0,20,3,2,0,0
38,0,0,1,6,4,3,0,0
27,0,0,0,19,1,2,0,0
37,1,0,1,12,2,3,4,0
34,0,3,0,5,1,5,3,0
27,0,0,0,24,2,3,0,0
44,0,0,0,6,4,3,0,0
36,0,0,0,24,2,3,0,0
29,0,0,0,24,2,2,0,0
25,1,0,0,24,2,2,2,0
28,1,3,0,12,2,3,0,0
30,0,0,0,12,2,1,0,0
26,0,3,0,23,3,2,0,0
34,1,0,0,12,2,3,5,0
25,1,3,1,24,2,3,2,0
44,0,3,0,24,2,1,0,0
40,1,3,0,6,4,2,0,1
27,0,3,0,12,2,2,0,0
26,1,1,0,5,1,3,1,0
31,0,0,0,24,2,2,2,0
25,0,3,0,15,3,1,0,0
34,1,0,0,24,2,3,1,1
43,1,3,0,12,2,1,5,0
30,0,1,0,12,2,3,1,0
36,0,1,0,24,2,3,0,0
42,0,3,0,12,2,3,0,0
39,0,1,0,11,4,3,1,0
25,0,0,0,18,2,1,0,1
30,0,1,0,12,2,2,1,0
37,0,0,0,12,2,2,2,1
22,0,3,0,13,0,1,0,0
26,1,0,0,5,1,1,2,0
25,0,3,0,7,2,2,2,0
34,1,1,0,7,2,2,0,0
30,0,3,0,24,2,2,2,0
26,0,0,0,20,3,2,2,0
37,0,3,0,24,2,3,0,0
30,0,0,0,12,2,5,3,0
31,1,0,0,24,2,2,5,0
26,0,0,0,18,2,4,6,0
36,0,0,0,24,2,2,2,0
29,0,0,0,15,3,4,2,0
26,0,0,0,24,2,2,0,0
29,0,3,0,13,0,3,2,0
24,0,0,0,12,2,3,0,0
21,0,1,0,24,2,1,4,0
22,0,3,0,12,2,1,1,1
25,0,3,0,8,4,2,2,0
30,0,0,0,15,3,3,1,0
20,0,0,0,12,2,1,0,0
26,0,3,0,24,2,2,1,0
35,1,1,0,12,2,3,0,0
36,1,0,0,15,3,5,7,0
33,0,0,0,24,2,3,3,0
30,0,0,0,12,2,2,0,0
25,0,1,0,24,2,3,2,0
30,0,0,0,24,2,3,5,0
30,0,0,0,2,0,4,0,0
41,0,0,0,13,0,3,0,0
27,0,0,0,18,2,2,1,0
24,0,0,0,24,2,2,0,0
49,0,2,0,24,2,3,0,0
32,0,0,0,23,3,3,0,0
35,0,0,0,24,2,4,0,0
29,0,0,0,24,2,2,2,0
34,0,3,0,7,2,2,0,0
37,0,0,0,5,1,2,0,1
25,0,0,0,15,3,3,1,1
25,1,0,0,24,2,4,0,0
26,0,0,0,20,3,1,0,1
43,0,0,0,7,2,4,0,0
33,1,3,1,7,2,3,1,1
27,0,0,0,20,3,2,0,0
37,0,0,0,24,2,4,4,0
40,0,0,0,5,1,2,0,0
28,0,0,0,7,2,4,7,0
35,0,3,0,24,2,2,4,0
45,0,0,0,24,2,3,0,0
41,0,3,0,12,2,2,0,0
29,0,0,0,19,1,3,0,0
48,0,0,0,20,3,3,0,1
48,0,3,0,6,4,2,0,0
40,0,0,0,18,2,3,0,0
36,0,0,0,15,3,2,0,0
33,0,0,0,20,3,4,0,0
45,1,0,0,24,2,3,0,0
37,0,4,0,4,1,3,0,0
37,0,0,0,24,2,4,0,0
38,0,2,0,15,3,4,7,1
36,1,0,0,14,1,2,0,0
21,1,3,0,12,2,2,4,0
23,0,0,0,10,4,2,0,0
34,0,3,0,24,2,1,2,0
31,0,3,0,1,1,4,0,0
34,0,0,0,24,2,3,1,0
42,0,0,0,5,1,4,0,0
31,0,0,0,7,2,4,2,0
45,1,0,0,24,2,3,0,0
36,1,0,0,24,2,3,7,0
28,0,3,0,5,1,1,0,0
19,0,0,0,8,4,1,0,0
45,0,0,0,7,2,3,0,0
28,0,0,0,24,2,2,0,1
56,1,0,0,24,2,3,5,0
23,0,0,0,18,2,2,1,0
27,1,0,0,24,2,3,0,0
26,0,3,0,24,2,3,1,0
58,0,2,0,24,2,3,2,0
21,0,0,0,5,1,2,0,1
31,0,3,0,6,4,4,0,0
29,0,0,0,24,2,3,2,0
32,1,0,0,12,2,3,2,0
21,0,0,0,18,2,1,1,0
23,0,0,0,24,2,1,0,0
35,0,3,0,12,2,3,2,0
31,0,0,0,24,2,3,0,0
30,0,0,0,24,2,3,0,0
27,0,0,0,24,2,2,0,0
28,1,3,0,12,2,3,1,0
26,0,0,0,8,4,3,0,0
44,0,0,1,24,2,3,0,0
38,1,0,0,24,2,2,1,0
25,1,0,1,3,0,3,1,0
25,0,0,0,18,2,1,2,0
27,0,0,0,15,3,2,0,0
31,0,0,0,6,4,3,0,0
25,0,0,0,24,2,2,0,0
35,0,0,0,18,2,2,1,0
32,0,0,0,24,2,2,2,0
25,1,0,0,24,2,2,0,0
19,0,1,0,24,2,1,4,0
29,0,1,0,24,2,3,0,0
37,0,0,0,24,2,3,1,0
27,0,0,0,18,2,1,0,0
29,1,3,0,14,1,2,0,0
26,0,0,0,15,3,3,1,0
42,0,0,0,24,2,3,0,0
37,0,0,0,24,2,4,3,0
24,0,3,0,9,1,1,0,0
38,0,3,0,24,2,2,3,0
27,0,3,0,5,1,1,1,0
25,0,0,0,15,3,3,1,0
30,0,0,0,4,1,3,2,0
36,0,0,0,24,2,3,0,0
29,0,0,0,23,3,2,4,0
25,0,3,0,12,2,1,2,0
23,0,0,0,20,3,3,0,0
24,0,0,0,24,2,2,4,0
30,0,0,0,7,2,2,4,0
28,1,0,0,24,2,2,0,0
39,0,3,0,24,2,3,0,0
18,1,3,0,7,2,1,4,1
27,0,0,0,18,2,1,4,0
24,1,1,0,24,2,3,0,0
39,0,0,0,6,4,3,0,0
35,0,0,0,20,3,3,0,0
44,0,0,0,24,2,3,0,0
55,1,2,0,6,4,4,4,1
42,0,0,0,20,3,3,0,0
26,1,0,0,20,3,2,2,0
23,0,3,0,25,1,1,0,0
32,0,3,0,24,2,2,0,0
35,0,3,0,18,2,3,1,0
23,1,0,0,12,2,2,0,0
41,1,0,0,18,2,3,0,0
44,1,0,0,24,2,1,1,1
45,0,0,0,24,2,3,0,0
32,1,3,0,4,1,3,0,0
25,1,0,0,24,2,2,3,0
50,0,3,0,6,4,3,0,0
33,0,0,0,23,3,4,0,0
30,1,1,0,24,2,2,1,0
32,0,0,0,23,3,2,0,0
37,0,0,0,5,1,2,0,0
36,1,0,0,16,1,2,0,0
23,1,1,0,15,3,1,0,0
37,0,0,0,12,2,4,1,1
39,0,0,0,24,2,3,0,0
29,0,0,0,24,2,2,0,0
26,1,0,0,12,2,3,4,1
32,0,3,0,6,4,4,0,0
33,0,3,0,4,1,3,0,0
39,0,0,0,24,2,2,0,0
29,0,1,0,14,1,3,0,0
23,0,3,0,16,1,1,0,1
31,1,0,0,3,0,4,0,0
25,0,3,0,18,2,2,0,0
69,0,0,0,24,2,5,4,0
26,0,0,0,24,2,4,0,0
27,1,3,0,15,3,2,2,0
30,1,0,0,24,2,3,2,0
33,1,0,0,18,2,3,0,1
23,0,3,0,24,2,1,0,0
34,0,3,0,7,2,4,2,0
21,1,0,0,24,2,1,0,0
27,1,0,0,20,3,5,0,0
21,0,2,0,24,2,1,0,0
36,1,0,0,23,3,3,0,1
32,0,0,0,20,3,3,0,0
24,0,3,0,12,2,2,2,0
34,0,0,0,4,1,3,0,0
37,0,0,0,15,3,3,1,0
23,0,0,0,24,2,2,0,0
27,0,3,0,16,1,4,2,0
38,0,3,0,18,2,3,0,0
30,0,0,0,24,2,2,0,0
31,0,3,0,12,2,2,0,0
28,0,0,0,24,2,2,2,0
41,0,0,0,20,3,3,1,0
49,1,1,0,24,2,3,1,1
26,0,2,0,24,2,3,2,0
41,0,3,1,6,4,3,0,0
22,1,0,0,24,2,1,2,0
33,0,0,0,4,1,4,0,0
29,0,0,0,23,3,2,2,0
31,1,0,0,15,3,3,0,0
42,0,0,0,18,2,3,0,0
35,1,0,0,24,2,3,2,0
31,0,0,0,15,3,2,0,0
64,0,0,0,18,2,3,0,0
25,0,3,0,18,2,4,3,0
23,0,0,0,11,4,2,4,0
41,0,2,0,24,2,3,0,0
40,0,2,0,15,3,2,0,0
49,0,2,0,24,2,3,0,0
30,0,0,0,16,1,2,0,0
32,1,3,0,24,2,4,4,0
29,0,0,0,14,1,2,0,0
35,0,3,0,24,2,2,2,0
27,1,0,0,24,2,4,1,0
37,0,0,0,24,2,3,1,0
30,0,0,0,20,3,2,1,0
21,0,0,0,24,2,1,0,0
31,0,0,0,24,2,2,2,0
30,1,1,0,24,2,3,0,0
21,0,0,0,24,2,1,1,0
24,0,0,0,12,2,4,4,0
32,0,0,0,18,2,3,4,0
23,0,3,0,24,2,1,0,1
31,0,0,0,24,2,2,2,0
25,0,0,0,11,4,1,0,0
23,1,0,0,24,2,2,0,1
42,0,0,0,17,1,5,1,0
22,0,3,0,8,4,1,0,0
38,1,0,0,4,1,2,3,1
36,0,0,0,15,3,3,1,0
35,0,0,0,20,3,2,0,1
28,0,0,0,24,2,2,4,0
34,0,3,0,6,4,3,1,0
28,0,0,0,24,2,2,2,0
51,0,0,0,10,4,3,0,0
21,0,0,0,5,1,2,0,0
35,0,0,0,23,3,4,3,0
30,0,1,0,24,2,3,6,0
32,0,1,0,24,2,2,0,0
27,0,0,0,24,2,3,1,0
28,0,3,0,24,2,2,2,0
32,0,1,0,24,2,3,2,0
48,0,3,0,6,4,3,0,0
31,0,1,0,24,2,2,0,0
26,1,0,0,24,2,4,3,0
39,0,0,0,15,3,3,0,0
25,1,0,0,24,2,2,0,0
31,1,0,0,24,2,4,7,0
39,0,0,0,24,2,2,0,0
54,1,0,0,4,1,5,4,0
28,0,0,0,15,3,2,1,0
38,0,5,0,24,2,4,0,0
36,0,0,0,12,2,2,0,0
22,0,0,0,24,2,3,0,0
28,1,3,0,15,3,3,0,0
46,1,0,0,15,3,3,2,0
41,0,0,0,12,2,5,0,0
30,0,3,0,24,2,4,4,0
27,0,0,0,20,3,1,0,0
23,0,1,0,4,1,1,1,0
27,0,1,1,12,2,2,1,0
30,0,0,0,24,2,3,2,0
30,0,1,0,24,2,2,0,0
38,0,0,0,24,2,3,0,0
30,0,0,0,24,2,3,0,0
31,1,0,0,24,2,2,3,0
43,0,0,0,15,3,3,7,0
29,0,0,0,18,2,2,2,0
21,1,0,0,24,2,1,0,0
35,1,0,0,4,1,1,0,0
32,1,0,0,23,3,4,2,0
35,1,0,0,15,3,2,2,0
51,0,0,0,16,1,3,0,0
26,0,3,0,15,3,1,0,0
35,0,1,0,24,2,3,5,0
34,0,0,0,24,2,2,0,0
28,1,2,0,24,2,3,2,0
40,1,0,0,24,2,4,4,0
24,0,3,0,24,2,2,0,0
44,0,1,0,18,2,3,0,0
26,1,0,0,24,2,3,0,0
46,1,3,0,24,2,3,0,0
35,0,1,0,12,2,2,0,0
42,1,0,0,24,2,3,0,0
42,1,0,0,20,3,4,7,0
48,0,0,0,24,2,4,1,0
23,1,1,0,15,3,2,1,0
27,1,0,0,24,2,2,0,1
25,0,0,0,24,2,2,1,0
31,0,0,0,24,2,4,2,0
20,0,3,0,24,2,1,1,0
20,0,0,0,11,4,1,0,0
28,0,3,0,24,2,2,4,0
31,0,3,0,11,4,3,0,0
25,1,3,0,4,1,1,0,0
28,1,1,0,3,0,3,5,0
35,0,0,0,6,4,3,0,0
32,0,0,0,24,2,2,0,0
29,0,0,0,24,2,3,2,0
40,1,0,0,24,2,5,3,0
30,0,0,0,24,2,2,2,0
24,0,3,0,7,2,1,0,0
28,0,0,0,12,2,3,0,0
37,0,0,0,12,2,3,1,0
28,1,1,0,24,2,2,0,0
24,0,0,0,15,3,1,2,0
44,0,2,0,24,2,3,0,0
31,0,1,0,23,3,3,0,0
35,0,0,1,12,2,2,0,0
47,1,0,0,24,2,3,1,0
41,1,0,0,20,3,3,0,0
23,0,3,0,18,2,2,0,0
26,0,0,0,24,2,3,2,0
31,0,0,0,24,2,3,1,0
24,0,0,0,24,2,2,5,0
23,0,3,0,8,4,2,0,0
41,0,0,0,24,2,3,0,0
30,0,0,1,24,2,5,4,0
30,0,0,0,10,4,4,4,0
37,0,0,0,24,2,3,0,0
46,0,0,0,18,2,2,0,0
38,1,0,0,24,2,3,0,0
29,1,0,0,20,3,4,3,1
39,0,3,1,6,4,4,4,0
33,0,3,0,18,2,2,1,0
26,0,0,0,24,2,2,0,0
34,0,3,0,6,4,2,0,0
24,0,0,0,12,2,2,0,0
36,1,0,0,23,3,4,7,0
30,0,0,0,24,2,2,0,0
52,0,0,0,4,1,4,4,0
26,1,0,0,24,2,1,0,0
28,0,0,0,24,2,4,4,0
53,0,0,0,24,2,3,1,0
27,0,0,0,12,2,2,2,0
39,0,0,0,12,2,3,0,0
38,1,3,0,4,1,2,0,1
32,0,0,0,24,2,2,4,0
28,1,0,0,24,2,2,1,0
33,0,0,0,16,1,2,2,0
24,0,0,0,24,2,3,0,0
55,1,0,0,20,3,2,0,0
31,0,0,1,20,3,4,4,0
34,0,3,0,15,3,2,0,0
45,1,2,0,24,2,5,4,0
35,0,0,0,24,2,5,0,0
30,0,3,0,5,1,3,0,0
48,0,0,0,24,2,3,0,0
34,0,0,0,24,2,3,0,0
31,1,0,0,24,2,2,0,0
35,1,3,0,12,2,3,2,0
29,0,1,0,24,2,2,0,0
26,0,0,0,24,2,3,2,0
44,0,3,0,24,2,2,0,1
34,0,0,0,15,3,3,1,0
27,0,0,0,24,2,2,0,0
27,0,1,0,24,2,2,4,0
23,0,0,0,24,2,2,1,0
35,0,0,0,24,2,2,0,0
37,1,0,0,15,3,4,6,0
31,0,0,0,24,2,2,0,0
24,0,3,0,17,1,2,2,0
27,0,0,0,18,2,3,2,0
23,0,0,0,18,2,2,4,0
30,0,3,0,15,3,3,0,0
31,0,0,0,19,1,2,0,0
25,0,0,0,15,3,3,1,1
27,0,0,0,12,2,2,0,0
31,0,0,0,23,3,3,1,0
37,0,0,0,12,2,2,4,0
33,0,0,0,5,1,3,0,0
27,0,0,0,18,2,4,0,0
33,0,3,0,18,2,3,2,0
21,0,3,0,9,1,1,0,1
31,0,0,0,24,2,3,2,0
20,1,0,0,10,4,2,1,1
35,0,0,0,12,2,3,0,0
33,0,0,0,15,3,3,5,0
32,0,0,0,12,2,2,2,0
37,0,0,0,24,2,3,0,0
27,0,0,0,24,2,3,0,0
24,0,0,0,18,2,1,2,0
28,1,3,0,24,2,3,6,0
32,0,0,0,24,2,5,4,0
33,0,3,0,5,1,3,0,0
28,0,1,0,10,4,2,0,0
23,0,0,0,12,2,1,0,0
27,0,0,0,7,2,1,0,0
52,1,0,0,24,2,2,1,0
33,0,0,0,24,2,3,1,0
30,0,3,0,24,2,2,0,0
42,0,0,1,12,2,2,0,0
34,0,3,0,12,2,2,0,0
39,0,3,0,15,3,1,2,0
31,0,0,0,15,3,5,7,0
33,0,3,0,25,1,1,1,1
34,0,0,0,18,2,4,1,0
46,0,0,0,24,2,3,0,0
23,0,1,0,12,2,1,0,0
30,0,3,0,24,2,3,5,0
33,0,6,0,18,2,4,7,0
36,1,0,0,12,2,5,2,0
23,0,0,0,12,2,1,0,0
27,0,6,0,15,3,2,0,0
27,0,0,0,24,2,2,0,0
25,0,1,0,5,1,1,0,1
39,0,0,0,24,2,2,0,0
30,1,0,0,12,2,3,0,0
34,0,1,0,24,2,2,1,1
32,1,3,0,24,2,3,1,1
22,0,0,0,24,2,1,0,0
27,0,3,0,24,2,3,2,0
32,0,0,0,24,2,3,0,1
44,0,3,0,23,3,3,0,1
30,0,3,0,12,2,2,1,0
35,1,0,0,23,3,4,6,0
41,1,0,0,24,2,3,5,1
30,0,0,0,24,2,4,4,0
23,0,0,0,8,4,1,4,0
49,1,0,0,24,2,5,0,0
40,0,0,0,24,2,2,4,0
33,0,3,0,12,2,2,2,0
30,0,0,0,20,3,4,2,0
36,1,3,0,25,1,5,0,0
41,0,3,0,12,2,5,0,0
29,0,0,0,24,2,2,0,0
30,0,3,0,4,1,3,2,0
32,0,4,0,24,2,3,1,0
27,0,1,0,24,2,2,0,0
33,0,0,0,3,0,3,0,0
29,0,0,0,18,2,4,0,0
31,1,0,0,24,2,2,5,0
25,0,3,0,12,2,2,4,0
29,0,0,0,6,4,3,0,0
22,0,0,0,19,1,1,0,1
60,0,3,0,8,4,2,1,0
40,1,0,0,15,3,1,4,1
26,0,0,0,24,2,2,2,0
26,1,0,0,15,3,3,2,0
33,1,0,0,24,2,3,2,0
27,0,0,0,24,2,2,2,0
29,0,2,0,24,2,2,1,0
30,1,0,0,24,2,2,2,0
29,1,3,0,5,1,4,2,0
35,0,3,0,24,2,2,0,0
33,1,0,1,8,4,3,2,0
29,0,0,0,5,1,1,0,0
24,0,3,0,5,1,1,2,0
35,1,0,0,12,2,4,4,0
38,0,6,0,15,3,2,4,0
36,1,0,0,12,2,5,4,0
35,0,0,0,20,3,4,4,1
28,1,3,0,24,2,2,0,1
52,0,0,0,8,4,3,0,0
32,0,0,0,24,2,3,2,0
35,0,0,0,24,2,5,2,0
47,0,0,0,24,2,2,0,0
33,1,1,1,12,2,4,0,0
33,0,0,0,24,2,4,5,0
41,1,3,0,24,2,5,4,0
28,0,0,0,24,2,2,1,0
33,0,3,0,24,2,3,1,0
22,1,3,0,8,4,1,0,0
20,1,1,0,14,1,2,4,1
37,0,0,0,24,2,3,4,0
29,0,0,0,12,2,4,0,0
22,1,1,0,4,1,1,7,0
34,0,3,0,15,3,5,0,0
31,1,0,0,14,1,2,7,0
55,1,0,0,24,2,3,4,0
28,0,0,0,24,2,3,2,0
28,1,1,0,7,2,2,0,0
36,0,3,0,13,0,3,1,0
28,0,1,0,24,2,1,0,0
51,0,0,0,24,2,3,1,0
33,0,0,0,15,3,5,0,0
44,0,0,0,15,3,3,0,0
29,1,0,0,24,2,1,0,0
51,1,3,0,20,3,2,0,1
40,0,0,0,24,2,2,0,0
58,0,0,0,24,2,2,1,0
38,0,3,1,18,2,2,0,0
38,0,3,0,24,2,3,0,0
27,0,0,0,24,2,1,0,0
32,1,0,0,12,2,2,2,0
40,1,0,0,15,3,3,0,0
27,0,0,0,24,2,3,1,0
26,0,3,0,12,2,3,0,0
26,0,3,0,18,2,3,0,0
23,0,0,0,23,3,1,2,0
42,0,3,0,17,1,4,1,0
30,0,0,0,16,1,2,2,0
36,0,0,0,24,2,3,0,0
29,1,0,0,18,2,3,0,0
30,0,2,0,15,3,2,0,0
29,0,0,0,24,2,4,4,0
29,0,0,0,10,4,3,1,0
27,0,0,0,18,2,1,0,0
38,0,3,0,5,1,2,1,0
33,0,3,0,18,2,2,0,0
30,0,0,0,24,2,4,7,0
29,1,3,0,24,2,2,0,0
31,0,0,0,24,2,1,0,0
25,0,0,0,24,2,2,0,0
33,0,0,0,15,3,1,1,0
36,1,3,0,6,4,3,0,0
33,0,3,0,24,2,5,4,0
22,1,0,0,15,3,3,1,0
27,1,5,0,12,2,3,2,0
35,1,3,0,23,3,1,4,0
27,1,0,0,24,2,2,1,0
36,0,0,0,20,3,3,2,0
27,0,3,0,23,3,4,2,0
44,0,0,1,15,3,3,0,0
32,0,0,0,24,2,2,2,0
27,0,0,0,18,2,3,0,0
31,1,1,0,24,2,4,0,0
30,0,0,0,24,2,1,4,1
23,0,0,0,5,1,2,0,0
34,0,0,0,24,2,3,0,0
27,1,0,0,20,3,2,1,0
26,0,3,0,12,2,2,7,0
28,0,0,0,20,3,3,1,0
28,1,3,0,7,2,3,6,0
27,0,0,0,15,3,2,0,0
41,0,3,0,24,2,3,0,0
19,0,0,0,15,3,1,0,1
29,0,1,0,24,2,3,0,0
39,0,3,0,18,2,2,1,0
27,1,0,0,12,2,3,2,0
32,1,1,0,5,1,4,0,0
39,0,3,0,20,3,1,0,0
27,1,0,0,12,2,3,0,0
22,0,3,0,24,2,1,2,0
29,0,0,0,7,2,2,2,0
26,0,0,0,24,2,2,7,0
37,0,0,0,18,2,5,7,0
33,0,3,0,7,2,2,2,0
31,0,3,0,15,3,3,0,0
39,0,0,0,24,2,4,1,0
29,1,0,0,24,2,2,4,0
28,0,0,0,7,2,3,4,0
26,0,1,1,24,2,3,1,1
31,0,0,1,12,2,4,2,0
32,0,0,0,15,3,4,0,0
37,0,3,0,24,2,3,0,0
41,1,0,0,18,2,4,0,0
32,1,0,0,20,3,2,4,0
50,0,3,0,5,1,2,0,0
36,0,0,0,24,2,3,0,0
28,0,0,0,23,3,3,2,0
37,0,0,0,15,3,3,0,0
27,0,0,0,24,2,2,2,0
22,0,0,0,23,3,3,0,0
36,0,0,0,12,2,3,2,0
27,0,0,0,12,2,2,4,1
28,1,0,1,24,2,3,2,0
32,1,0,0,15,3,3,0,0
29,0,3,0,8,4,2,2,0
42,0,3,0,5,1,2,0,0
20,0,3,0,14,1,1,0,1
24,0,1,0,24,2,3,0,0
26,0,3,0,6,4,1,0,1
37,1,0,0,12,2,3,0,0
33,0,0,0,24,2,3,0,0
36,1,3,0,12,2,3,0,0
43,0,0,1,24,2,2,2,0
24,1,0,0,24,2,2,0,0
32,0,3,0,24,2,2,2,0
29,1,3,0,15,3,3,1,0
41,0,0,1,16,1,3,1,0
30,0,0,0,7,2,4,1,0
33,0,0,0,24,2,3,0,0
33,1,0,0,24,2,2,4,0
36,1,3,0,24,2,3,1,0
24,0,0,0,24,2,2,0,0
46,0,0,0,24,2,4,4,0
21,0,0,0,24,2,1,0,0
28,0,3,0,9,1,3,0,0
25,0,2,0,24,2,2,0,0
27,0,3,0,14,1,3,2,0
36,0,0,0,11,4,3,1,0
32,0,0,0,12,2,1,0,0
29,0,0,0,24,2,2,2,0
26,0,3,0,4,1,2,2,1
27,1,0,0,24,2,2,0,0
27,1,1,0,24,2,2,2,0
27,1,3,0,24,2,1,1,1
25,0,0,0,24,2,3,2,0
26,0,0,0,16,1,4,0,0
37,0,2,0,24,2,3,1,0
31,0,0,0,5,1,2,2,0
26,0,0,0,24,2,3,1,0
41,0,0,0,24,2,2,1,0
29,1,0,0,24,2,2,2,0
36,0,0,0,16,1,3,2,0
39,1,0,0,24,2,4,0,0
27,1,0,0,24,2,2,1,0
36,0,0,0,24,2,3,2,1
33,0,0,0,12,2,2,2,0
37,0,3,0,6,4,3,3,0
31,0,3,0,24,2,4,0,0
21,0,0,0,24,2,1,0,0
35,0,0,0,24,2,3,2,0
20,0,0,0,24,2,1,0,0
27,0,0,0,24,2,3,5,0
28,0,1,0,4,1,1,0,0
46,0,3,0,25,1,2,1,0
30,0,3,0,10,4,2,1,0
29,0,3,0,24,2,2,0,0
29,1,0,0,24,2,3,0,0
30,0,3,0,18,2,3,0,0
30,0,3,0,24,2,2,0,0
29,0,0,0,24,2,2,0,0
31,1,0,0,20,3,3,5,0
36,1,0,0,23,3,3,0,0
38,0,0,0,24,2,5,0,0
28,0,0,0,23,3,2,2,0
34,1,0,0,16,1,5,7,0
25,0,0,0,15,3,2,1,1
39,0,1,0,6,4,5,0,0
31,0,0,0,18,2,3,0,0
31,0,0,0,24,2,2,0,0
39,0,3,0,24,2,3,0,0
34,0,0,0,24,2,1,0,0
45,0,0,0,5,1,1,4,0
32,0,0,0,20,3,2,0,0
25,0,3,0,19,1,2,1,1
29,1,2,0,24,2,3,2,0
26,0,1,0,18,2,1,0,0
26,1,3,0,24,2,2,1,0
25,1,0,0,6,4,3,2,0
29,0,3,0,12,2,2,2,0
30,0,3,0,18,2,3,1,0
23,0,3,0,24,2,2,5,0
26,0,0,0,24,2,3,0,0
34,0,0,0,18,2,3,0,0
56,0,0,0,23,3,4,2,0
29,0,6,0,12,2,2,0,0
27,1,0,0,24,2,3,0,0
39,1,0,0,24,2,4,1,0
37,0,0,0,24,2,1,4,0
39,0,3,0,18,2,4,7,0
38,0,0,0,24,2,5,4,0
24,0,0,0,24,2,2,1,0
31,0,0,0,24,2,3,0,0
26,1,0,0,12,2,2,0,0
44,0,0,0,24,2,3,0,0
35,0,0,0,24,2,2,0,0
40,0,0,0,6,4,3,0,0
36,1,3,0,12,2,2,0,0
28,0,3,0,18,2,1,1,0
31,1,0,0,24,2,2,2,0
23,0,0,0,15,3,3,0,0
21,0,0,0,20,3,1,0,1
33,0,0,0,24,2,4,0,0
51,1,0,0,24,2,4,0,0
30,1,3,0,12,2,3,0,0
24,0,0,0,12,2,1,0,0
27,0,3,0,16,1,4,0,0
25,0,0,0,6,4,2,0,0
25,1,3,0,10,4,1,1,0
34,0,0,0,14,1,3,1,0
38,0,0,0,6,4,3,0,0
28,0,3,0,12,2,3,5,0
24,1,3,0,12,2,3,0,0
30,0,0,0,15,3,4,4,0
41,0,0,0,18,2,3,0,0
38,0,0,0,15,3,2,1,0
33,0,0,0,24,2,1,1,0
31,0,0,0,24,2,3,5,0
23,0,0,0,12,2,3,0,0
26,0,3,0,4,1,2,2,0
41,1,1,0,18,2,4,4,0
25,1,0,0,24,2,2,0,0
35,1,2,0,15,3,3,2,0
37,0,1,0,11,4,3,0,0
27,0,0,0,12,2,2,2,0
48,0,3,0,6,4,2,0,0
26,1,3,0,24,2,3,0,0
23,0,0,0,11,4,3,6,0
51,0,0,0,24,2,3,0,0
40,1,0,0,23,3,3,0,1
30,0,0,0,24,2,3,0,0
27,0,0,0,24,2,2,0,0
32,1,0,0,24,2,3,7,0
30,0,0,0,24,2,3,2,0
23,0,3,0,10,4,3,0,0
29,1,0,0,4,1,2,4,0
21,0,0,0,6,4,1,4,0
31,1,3,0,12,2,1,0,1
28,0,3,0,24,2,3,2,0
41,1,3,0,4,1,2,1,0
27,0,3,0,18,2,2,0,0
28,0,3,0,24,2,2,4,0
39,1,0,0,12,2,5,7,0
31,0,0,0,15,3,4,0,0
34,0,1,0,4,1,1,1,0
29,0,3,0,11,4,3,0,0
26,1,0,0,24,2,4,2,0
27,0,0,1,13,0,2,4,0
29,0,1,0,24,2,1,0,0
26,0,0,0,24,2,3,0,0
28,1,0,0,24,2,4,7,0
25,1,0,0,24,2,3,3,0
25,0,3,0,24,2,2,0,0
26,0,2,0,24,2,2,2,0
27,0,0,0,5,1,3,0,0
27,1,0,1,23,3,1,0,0
50,0,0,0,20,3,3,0,0
33,0,0,0,20,3,3,0,0
53,0,0,0,24,2,3,0,0
38,0,0,0,12,2,1,0,1
36,1,0,0,18,2,4,4,0
38,1,0,0,20,3,4,4,0
36,0,0,0,18,2,3,7,0
27,0,3,0,24,2,2,2,0
27,0,3,0,24,2,2,0,0
23,0,0,0,12,2,1,2,0
32,1,0,0,18,2,2,5,0
22,1,3,0,24,2,1,4,0
35,1,3,0,24,2,3,1,1
37,1,0,0,24,2,2,1,1
28,1,0,0,24,2,3,1,0
20,0,0,0,24,2,2,0,0
27,0,3,0,18,2,3,0,0
27,1,0,0,8,4,2,0,0
31,0,3,0,24,2,3,1,0
22,1,0,0,20,3,3,1,0
33,1,0,0,24,2,5,3,0
26,0,0,0,24,2,2,1,1
28,0,0,0,16,1,3,1,0
26,1,0,0,14,1,3,0,0
34,0,0,0,24,2,2,1,0
30,0,0,0,24,2,4,3,0
31,0,0,0,20,3,3,5,0
28,0,0,0,8,4,2,1,0
27,0,0,0,24,2,2,2,0
30,1,2,0,24,2,2,2,0
29,0,0,0,16,1,3,2,0
29,0,0,1,20,3,1,0,0
24,1,0,0,16,1,4,0,0
32,0,0,0,24,2,4,0,0
24,1,2,0,10,4,2,1,0
42,0,0,0,23,3,2,0,0
37,0,0,0,24,2,3,2,0
40,0,0,0,20,3,5,0,0
33,1,0,0,12,2,4,0,0
39,1,0,0,6,4,5,0,0
26,0,3,0,24,2,2,1,0
27,1,1,0,6,4,2,2,0
23,0,0,0,24,2,1,0,0
31,1,0,0,24,2,3,4,0
43,0,3,0,5,1,3,0,0
31,0,0,0,24,2,3,0,0
25,0,0,0,23,3,2,2,0
28,0,3,0,11,4,2,0,0
36,1,0,0,24,2,3,1,0
31,0,0,0,18,2,4,0,0
38,0,3,0,24,2,3,0,0
24,0,0,0,24,2,2,1,0
31,1,0,0,24,2,2,0,1
30,0,3,0,24,2,1,0,1
30,0,3,0,24,2,2,0,1
45,0,3,0,5,1,2,0,1
20,0,0,0,24,2,1,0,1
32,0,3,0,11,4,2,0,0
27,0,3,0,5,1,2,0,0
34,0,0,0,20,3,3,0,0
42,0,0,0,6,4,2,0,0
24,0,0,0,13,0,1,1,0
39,0,3,0,24,2,3,0,0
23,0,0,0,20,3,2,0,0
24,0,0,0,23,3,4,3,0
28,0,0,0,12,2,2,2,0
51,0,3,0,24,2,3,1,0
28,1,0,0,12,2,2,0,0
24,0,3,0,24,2,2,7,0
32,1,0,0,3,0,2,2,0
36,0,0,0,12,2,4,2,0
23,0,0,0,20,3,1,1,0
28,0,0,0,15,3,2,4,0
21,1,0,0,15,3,1,1,0
30,1,0,0,12,2,3,1,0
20,0,4,0,24,2,1,1,0
52,0,0,0,24,2,3,2,1
29,0,0,0,12,2,2,2,0
28,1,3,0,7,2,3,0,0
26,0,0,0,12,2,4,0,0
30,1,3,0,24,2,5,3,0
27,0,0,0,15,3,2,2,0
23,0,0,0,12,2,2,2,0
32,0,1,0,24,2,4,0,0
34,0,1,0,18,2,3,1,0
29,0,3,0,16,1,4,0,0
42,0,1,0,16,1,4,0,0
31,0,3,0,24,2,3,1,0
30,1,0,0,15,3,4,7,0
40,0,0,0,12,2,3,2,0
41,1,0,0,18,2,3,0,0
37,1,0,0,24,2,3,1,0
29,0,0,0,24,2,1,0,1
45,0,0,0,24,2,3,0,0
32,0,0,0,12,2,5,3,0
21,0,0,0,15,3,1,4,0
30,0,0,0,20,3,4,0,0
35,0,3,0,24,2,2,0,0
28,0,3,0,24,2,1,0,0
29,0,1,0,23,3,5,1,0
29,0,0,0,12,2,3,0,0
28,1,0,0,18,2,2,2,0
30,0,0,0,24,2,4,4,0
20,1,0,0,24,2,2,0,0
39,0,3,0,5,1,3,2,0
37,0,0,0,18,2,4,0,0
22,0,0,0,24,2,2,0,1
26,0,0,0,24,2,2,2,0
33,0,0,0,24,2,3,1,0
34,0,1,0,19,1,3,1,0
30,1,3,0,6,4,5,1,0
51,0,3,0,24,2,5,7,1
26,0,3,0,15,3,2,2,0
27,0,0,0,24,2,4,3,0
49,1,0,0,24,2,3,0,1
27,0,0,0,12,2,3,0,0
38,0,0,0,3,0,3,0,0
49,0,0,0,24,2,5,3,0
24,0,0,0,24,2,2,0,0
36,1,0,0,24,2,4,7,0
36,1,0,0,24,2,1,0,1
24,0,0,0,24,2,3,0,0
24,0,3,0,8,4,2,0,0
27,1,0,0,24,2,2,2,0
25,0,0,0,24,2,2,0,0
32,1,0,0,18,2,3,2,0
28,0,0,0,12,2,2,1,0
26,0,3,0,4,1,3,1,0
25,0,3,0,12,2,2,0,0
33,0,0,0,24,2,1,0,0
28,0,3,0,12,2,3,1,0
28,0,0,1,24,2,2,0,0
43,0,0,0,11,4,3,0,0
22,0,0,0,12,2,1,4,1
54,1,3,0,18,2,3,7,0
32,0,0,0,5,1,5,3,0
28,0,0,0,24,2,2,2,0
20,0,0,0,12,2,1,0,0
34,0,0,0,12,2,3,1,0
30,0,0,0,24,2,3,2,0
42,0,0,0,15,3,4,2,0
48,1,3,0,18,2,3,0,0
50,0,0,0,20,3,2,0,0
30,0,0,0,24,2,2,0,0
19,0,0,0,15,3,1,0,0
26,0,0,0,24,2,1,2,0
22,0,0,0,24,2,3,0,0
38,0,0,0,15,3,2,4,0
31,0,0,0,20,3,1,2,0
42,0,0,0,24,2,3,0,0
29,0,3,0,1,1,2,0,0
41,0,0,0,20,3,3,0,0
28,0,0,0,24,2,2,2,0
32,0,3,0,24,2,2,2,1
24,0,0,0,15,3,4,2,0
35,1,0,0,7,2,4,1,1
24,0,0,0,16,1,4,0,0
24,0,0,0,23,3,2,1,0
34,0,0,0,18,2,3,0,0
25,1,0,0,23,3,4,0,0
26,0,3,0,24,2,2,0,0
21,0,0,0,12,2,1,0,0
43,0,0,0,24,2,3,0,0
55,0,0,0,18,2,1,0,0
33,1,0,0,24,2,3,0,0
34,0,0,0,15,3,4,4,0
22,0,3,0,24,2,2,0,0
32,0,0,0,6,4,3,0,0
30,0,3,0,18,2,2,1,0
31,0,0,0,12,2,3,2,0
30,0,0,0,24,2,2,2,0
43,0,0,0,8,4,4,0,0
40,0,3,0,18,2,3,0,0
32,0,0,0,18,2,4,2,0
27,0,0,0,12,2,1,0,0
44,0,0,0,18,2,4,0,0
45,1,0,0,24,2,1,0,0
32,0,0,0,6,4,4,0,0
30,0,1,0,24,2,3,0,0
35,0,0,0,24,2,2,0,1
25,0,3,0,24,2,3,0,0
25,0,0,0,20,3,2,0,0
30,0,0,0,24,2,3,2,0
25,0,3,0,12,2,2,1,0
33,0,0,0,23,3,3,1,0
32,0,0,0,24,2,2,7,0
26,0,1,0,5,1,2,2,0
28,0,3,0,13,0,3,1,0
36,0,0,0,19,1,2,0,0
41,0,0,0,23,3,3,0,0
44,0,3,0,24,2,3,0,0
43,0,0,0,18,2,2,4,0
52,0,1,0,6,4,3,1,0
51,1,0,0,20,3,3,1,0
23,0,0,0,24,2,2,0,0
48,1,0,0,24,2,3,7,1
31,0,0,0,24,2,1,0,0
30,1,3,0,6,4,3,2,0
27,0,0,0,24,2,2,0,0
30,1,0,0,19,1,3,1,0
34,0,0,0,24,2,3,1,0
29,0,0,0,24,2,4,0,0
34,0,0,0,15,3,5,4,0
33,0,3,0,5,1,2,7,1
29,1,3,0,16,1,2,6,0
21,0,0,0,24,2,2,0,0
29,1,0,0,12,2,2,0,0
41,0,0,0,24,2,4,0,0
23,0,0,0,18,2,1,0,0
25,0,0,0,24,2,2,1,0
29,0,3,0,24,2,3,0,0
33,1,0,0,24,2,5,7,0
23,0,0,0,3,0,1,0,0
28,0,3,0,15,3,2,0,0
40,0,0,0,12,2,4,7,0
42,0,0,0,20,3,3,0,0
35,0,0,0,5,1,3,0,0
57,0,0,0,24,2,3,0,0
20,0,0,0,24,2,1,0,1
33,1,0,0,12,2,4,7,1
40,0,0,0,15,3,3,0,0
45,1,0,0,20,3,3,0,0
45,0,3,0,13,0,3,1,0
40,1,3,0,16,1,3,1,1
36,0,0,0,12,2,3,1,0
34,0,0,0,18,2,4,1,0
25,0,0,1,15,3,2,1,0
27,0,0,0,16,1,3,2,0
42,1,0,0,23,3,3,1,0
30,0,1,0,24,2,2,0,0
24,0,3,0,24,2,2,0,1
31,0,3,0,16,1,3,2,0
32,0,0,0,24,2,5,3,0
30,1,0,0,18,2,4,0,0
35,0,0,0,24,2,3,1,0
19,0,3,0,6,4,1,0,1
36,0,3,0,15,3,3,1,0
32,0,0,0,24,2,2,0,0
29,0,3,0,18,2,2,3,0
28,0,3,0,6,4,3,4,0
25,0,3,0,8,4,2,2,0
37,1,0,0,16,1,2,0,0
28,0,0,0,24,2,2,2,0
39,0,0,0,24,2,2,0,0
37,1,0,0,24,2,5,3,0
23,1,0,0,15,3,1,0,0
30,1,3,0,5,1,3,5,0
46,0,3,0,8,4,3,0,0
35,1,0,0,20,3,3,1,0
38,1,3,0,4,1,4,4,0
29,0,0,0,24,2,2,1,0
29,0,3,0,24,2,2,1,0
29,0,0,0,24,2,1,4,0
30,0,3,0,16,1,5,0,0
33,0,0,0,15,3,2,1,0
32,0,0,0,24,2,3,2,0
38,0,1,0,13,0,3,0,0
32,0,1,0,12,2,2,0,0
37,0,1,0,4,1,4,4,0
28,0,0,0,10,4,2,0,0
38,0,0,0,24,2,4,2,0
29,0,0,0,23,3,1,0,0
42,0,0,0,20,3,4,2,0
38,0,0,0,5,1,3,0,0
41,0,3,0,18,2,3,0,0
23,0,3,0,24,2,3,0,0
51,1,0,0,15,3,1,0,1
43,0,3,0,5,1,1,2,0
29,0,0,0,12,2,3,0,0
45,0,3,0,23,3,2,2,1
25,1,0,0,24,2,3,5,0
24,0,0,0,24,2,3,1,0
33,0,0,0,20,3,3,5,0
47,0,3,0,16,1,2,2,0
21,0,0,0,24,2,2,0,1
31,0,1,0,6,4,2,2,0
37,1,3,0,12,2,2,0,0
42,0,3,0,12,2,3,0,0
28,1,0,0,24,2,2,6,0
62,0,0,0,12,2,4,1,1
34,1,3,0,24,2,5,0,0
36,0,0,0,15,3,5,3,0
38,0,0,0,24,2,3,0,0
26,0,0,0,20,3,3,0,0
40,1,0,0,12,2,5,2,0
23,0,0,0,24,2,2,4,0
37,0,3,0,24,2,2,0,0
23,0,0,0,16,1,2,1,0
35,0,3,0,7,2,4,0,0
25,0,0,0,24,2,2,2,1
34,0,2,0,24,2,4,2,0
28,0,3,0,18,2,1,2,0
36,0,0,0,24,2,2,1,0
30,0,0,0,7,2,4,4,0
24,0,3,0,26,0,2,2,0
37,0,0,0,20,3,3,0,0
28,0,0,0,23,3,3,0,0
47,0,3,0,18,2,4,0,0
32,0,0,0,23,3,3,1,0
28,0,0,0,24,2,2,0,0
27,0,3,0,19,1,2,2,1
38,0,0,0,12,2,2,0,0
27,0,0,0,20,3,1,0,1
31,0,0,0,15,3,4,0,0
30,0,0,0,6,4,2,0,0
32,0,2,0,24,2,2,2,0
29,0,5,0,24,2,4,4,0
26,0,0,0,24,2,2,0,0
52,0,3,0,12,2,4,1,0
42,1,0,0,12,2,5,0,0
29,1,0,0,16,1,3,1,0
26,0,0,0,15,3,2,2,0
26,0,0,0,12,2,4,4,0
30,0,0,0,8,4,2,2,0
30,0,0,0,18,2,4,1,0
37,1,0,0,20,3,4,1,0
28,1,3,0,24,2,3,2,0
30,0,0,0,3,0,3,4,0
29,0,0,0,24,2,3,0,0
29,0,0,0,18,2,2,0,0
41,0,0,0,24,2,2,5,0
27,0,0,0,24,2,2,0,0
34,0,0,0,24,2,3,1,0
33,1,3,0,12,2,3,0,0
36,0,0,0,24,2,3,1,0
22,0,0,0,18,2,1,0,0
24,0,2,0,24,2,1,0,0
32,0,0,0,18,2,2,5,1
23,1,3,0,4,1,1,0,0
48,1,0,0,4,1,4,0,0
31,0,0,0,16,1,3,1,1
39,0,3,0,8,4,3,0,0
23,0,1,0,19,1,2,0,0
29,1,0,0,24,2,2,2,0
29,0,3,0,7,2,4,2,0
29,0,2,0,16,1,3,2,0
38,0,0,0,24,2,3,2,0
24,0,1,0,15,3,2,1,0
27,0,0,0,5,1,2,2,0
27,0,0,0,18,2,1,2,0
33,0,3,0,24,2,4,2,0
23,0,0,0,12,2,1,0,0
29,0,3,0,18,2,2,2,0
31,0,0,0,8,4,3,0,0
35,0,3,0,15,3,3,4,0
23,0,3,0,4,1,2,2,0
46,0,0,0,18,2,3,0,0
37,0,0,0,2,0,2,0,0
46,1,0,0,24,2,4,0,1
27,0,0,0,15,3,2,0,0
24,1,0,0,24,2,2,0,0
20,0,0,0,24,2,1,0,0
30,0,3,0,15,3,3,2,0
30,0,0,0,20,3,4,0,0
35,0,3,0,7,2,3,0,0
42,0,3,0,20,3,3,0,0
25,0,3,0,6,4,3,3,0
31,0,0,0,18,2,4,3,0
30,1,0,0,24,2,3,2,0
30,1,0,0,24,2,4,4,0
32,0,3,0,18,2,3,2,0
34,0,2,0,7,2,4,2,0
45,0,1,0,12,2,3,2,0
37,0,0,0,24,2,2,0,0
20,0,0,0,24,2,1,0,0
31,0,0,0,24,2,2,1,0
30,0,0,0,24,2,4,2,0
33,0,0,0,12,2,2,2,0
20,1,1,0,8,4,1,0,1
25,1,3,0,1,1,1,0,0
30,1,0,0,24,2,2,4,0
33,1,0,0,25,1,3,5,1
33,1,0,0,18,2,3,0,0
43,0,0,0,12,2,5,0,0
48,0,0,0,24,2,3,0,0
30,0,0,0,19,1,1,0,0
30,1,2,0,15,3,4,4,0
34,1,3,0,24,2,5,2,0
32,0,0,0,24,2,4,0,0
25,0,0,0,17,1,1,4,0
24,0,0,0,24,2,1,0,0
48,0,3,0,18,2,3,0,0
28,0,0,0,24,2,2,0,0
29,1,0,0,18,2,4,1,0
34,1,0,0,20,3,2,0,0
34,0,0,0,20,3,4,0,0
26,1,3,0,24,2,2,0,0
43,0,3,0,24,2,2,0,1
24,0,0,0,24,2,2,6,0
25,0,0,0,15,3,1,4,0
26,0,0,0,24,2,2,2,0
24,0,3,0,16,1,2,2,0
39,0,0,0,7,2,2,0,0
28,1,0,0,19,1,3,1,0
29,0,0,0,12,2,4,1,0
24,0,3,0,24,2,2,6,0
35,0,0,0,24,2,3,0,0
56,0,0,0,23,3,1,0,1
51,0,0,0,24,2,2,0,0
35,0,0,0,24,2,1,0,0
26,0,0,0,18,2,1,0,0
28,0,0,0,12,2,2,2,0
25,0,1,0,24,2,1,2,0
31,0,1,0,18,2,2,4,0
55,1,3,0,6,4,3,0,0
35,0,4,0,24,2,5,3,0
23,0,3,0,24,2,3,0,0
24,0,0,0,20,3,2,4,0
37,0,0,0,23,3,3,0,0
29,0,0,0,24,2,3,2,0
22,0,0,0,24,2,1,0,0
31,1,0,0,23,3,4,2,0
25,0,0,0,23,3,2,0,0
30,0,0,0,23,3,2,1,0
25,0,3,0,24,2,3,0,0
32,0,1,0,24,2,3,2,0
32,0,0,0,24,2,2,0,0
28,0,3,0,24,2,1,4,0
24,0,0,0,23,3,2,2,0
24,0,0,0,15,3,2,0,0
28,0,3,0,12,2,3,2,0
29,0,0,0,24,2,2,0,0
28,0,0,0,21,0,2,2,0
35,0,1,0,15,3,3,1,0
26,0,3,0,16,1,1,0,0
52,0,0,0,23,3,3,0,0
34,0,1,0,5,1,2,3,1
27,0,3,0,6,4,2,0,0
28,0,0,0,24,2,2,2,0
30,0,0,0,24,2,4,4,0
33,1,3,0,21,0,3,0,0
26,0,0,0,24,2,3,0,0
40,0,3,0,24,2,4,3,0
23,0,3,0,6,4,1,1,0
26,0,0,0,24,2,2,0,0
66,0,0,0,15,3,3,1,0
25,0,3,0,5,1,3,2,0
44,0,0,0,24,2,2,0,0
28,1,3,0,6,4,1,1,1
26,0,0,0,24,2,2,3,0
24,0,0,0,23,3,1,2,0
29,0,0,0,24,2,2,0,0
44,1,0,0,24,2,3,1,0
27,0,0,0,18,2,2,1,0
33,0,3,0,11,4,3,0,0
31,1,0,0,24,2,4,0,0
24,0,1,0,24,2,2,1,0
31,1,0,0,5,1,4,1,0
26,1,0,0,20,3,3,0,0
34,1,0,0,24,2,4,2,0
26,0,0,0,24,2,2,0,0
31,0,0,0,24,2,2,2,0
32,0,0,1,24,2,4,2,0
38,0,0,0,15,3,3,4,0
34,0,0,0,20,3,3,1,0
31,0,3,0,15,3,2,0,0
32,0,0,0,24,2,3,2,0
26,1,0,0,24,2,3,1,0
22,0,0,0,15,3,1,0,0
35,0,0,0,6,4,2,2,0
40,0,0,0,24,2,3,0,0
27,1,1,0,10,4,3,1,0
32,0,0,0,24,2,2,0,0
51,0,2,0,15,3,3,0,0
31,0,1,0,5,1,3,0,0
42,0,2,0,24,2,3,0,0
20,0,0,0,12,2,1,0,0
28,0,0,0,24,2,1,1,1
40,1,0,0,18,2,3,1,0
25,0,3,0,12,2,2,0,0
33,0,0,0,24,2,1,1,0
30,1,0,0,20,3,3,0,0
27,0,0,0,24,2,2,2,0
34,0,0,0,18,2,4,0,0
30,0,1,0,5,1,3,1,0
32,1,0,0,23,3,3,2,0
27,0,0,0,15,3,1,2,0
40,0,0,0,26,0,5,0,0
32,1,1,0,9,1,1,1,0
29,1,0,0,24,2,3,0,0
36,1,1,0,4,1,4,4,0
39,0,0,0,18,2,5,3,0
48,0,0,0,24,2,3,0,0
23,0,0,0,6,4,2,0,0
30,0,0,0,24,2,2,2,0
29,0,0,0,24,2,2,2,0
34,1,1,0,12,2,2,0,0
46,0,3,0,24,2,3,0,0
30,0,0,0,24,2,2,0,0
42,0,3,0,18,2,3,2,0
19,1,0,0,12,2,1,0,0
28,0,1,0,18,2,4,0,0
39,0,0,0,17,1,3,0,0
27,0,0,0,8,4,4,7,1
35,0,3,0,24,2,3,0,0
43,1,0,0,15,3,3,0,0
29,1,0,0,6,4,2,0,0
41,1,0,0,24,2,2,0,0
39,0,3,0,24,2,2,5,0
30,1,0,0,23,3,3,1,0
32,0,0,0,5,1,4,3,0
32,0,0,0,23,3,2,0,0
29,1,3,0,12,2,2,2,0
26,0,0,0,5,1,2,2,0
24,0,0,0,12,2,2,2,0
24,0,0,0,24,2,1,0,1
30,1,0,0,20,3,4,2,0
28,1,3,0,9,1,4,0,0
31,0,0,0,18,2,3,2,0
24,1,1,0,24,2,4,0,0
37,0,3,0,4,1,5,0,0
28,1,3,0,4,1,2,0,1
33,0,3,0,12,2,2,0,0
26,0,3,0,24,2,2,0,0
27,0,3,0,24,2,2,1,0
33,0,3,0,24,2,3,0,0
28,1,0,0,24,2,2,2,0
36,1,0,0,24,2,5,2,0
31,0,1,0,4,1,2,0,0
51,0,0,0,12,2,3,2,0
38,0,0,0,24,2,1,0,0
27,0,3,0,6,4,3,6,1
35,0,0,0,23,3,2,0,0
46,0,0,0,24,2,3,2,0
27,0,0,0,7,2,2,0,0
34,1,0,0,24,2,3,5,0
27,1,0,0,24,2,2,0,1
32,0,0,0,24,2,2,0,0
34,0,3,0,24,2,2,0,1
25,0,0,0,24,2,3,0,1
35,1,0,0,23,3,4,7,0
28,1,1,0,14,1,5,6,0
43,0,0,1,12,2,2,0,0
27,1,0,0,6,4,4,0,0
34,1,0,0,15,3,4,4,0
39,0,0,0,18,2,3,0,0
32,0,0,0,23,3,2,0,0
44,0,0,0,12,2,3,2,0
36,0,3,0,12,2,3,2,0
34,0,0,0,12,2,3,0,0
28,1,0,0,24,2,2,1,0
26,1,1,0,8,4,2,0,0
30,1,0,0,18,2,3,2,0
45,0,3,1,12,2,5,0,0
37,1,0,0,24,2,2,2,0
34,0,2,0,8,4,2,0,0
32,0,0,0,8,4,3,0,0
21,0,3,0,24,2,2,1,0
35,0,3,0,4,1,4,2,0
40,0,3,0,24,2,2,1,0
28,0,0,0,24,2,2,4,0
19,1,0,0,16,1,1,0,1
32,1,0,0,20,3,2,0,0
28,0,0,0,12,2,2,2,0
28,0,0,0,24,2,3,2,0
28,0,0,0,24,2,3,0,0
36,1,0,0,6,4,4,0,0
33,1,3,0,24,2,5,4,0
32,0,3,0,1,1,5,2,0
36,0,3,0,24,2,2,0,0
34,1,0,0,12,2,3,2,0
33,0,0,0,5,1,4,0,0
28,0,0,0,16,1,4,2,0
26,0,0,0,3,0,4,0,0
33,1,0,0,23,3,3,1,0
37,0,0,0,20,3,4,0,0
48,0,0,0,6,4,4,7,0
31,0,0,0,20,3,3,2,0
29,1,3,0,24,2,4,2,0
35,1,3,1,24,2,3,0,0
42,1,3,0,24,2,5,4,0
29,0,3,0,24,2,2,2,0
22,0,0,0,24,2,2,0,0
23,0,0,0,18,2,2,0,0
35,0,0,0,15,3,2,0,0
19,1,0,0,18,2,1,0,0
28,0,0,0,12,2,1,2,0
31,0,0,0,18,2,2,0,0
33,1,3,0,24,2,3,1,0
25,0,1,0,24,2,2,5,0
24,0,0,0,24,2,1,2,0
41,0,3,0,15,3,3,0,0
33,0,0,0,24,2,4,2,0
21,0,3,0,5,1,1,0,1
29,0,0,0,23,3,4,0,0
36,0,0,0,24,2,3,4,0
35,0,0,0,23,3,2,4,0
40,0,0,0,24,2,4,0,0
24,0,0,0,18,2,2,0,1
28,0,0,0,24,2,4,0,0
28,0,1,0,18,2,1,1,0
36,0,3,0,15,3,3,2,0
26,1,0,0,20,3,3,0,0
35,0,0,0,19,1,4,0,0
20,0,1,0,24,2,1,0,0
34,1,3,1,15,3,3,2,0
49,0,0,0,24,2,4,0,0
33,0,1,0,24,2,2,0,0
25,0,0,0,12,2,3,1,0
43,0,3,0,5,1,3,1,0
29,0,3,0,10,4,2,0,0
23,0,3,0,15,3,2,0,0
30,1,3,0,24,2,2,0,1
25,0,0,0,20,3,1,0,0
28,0,0,0,20,3,2,0,0
29,1,0,0,18,2,3,2,0
31,0,0,0,24,2,5,3,0
27,1,3,0,24,2,3,0,0
40,1,0,0,24,2,1,0,0
29,1,0,0,24,2,3,1,0
30,0,1,0,12,2,2,2,0
29,0,0,0,20,3,3,2,0
28,0,3,0,24,2,2,2,0
36,1,0,0,24,2,3,5,0
29,0,1,0,9,1,2,2,0
29,1,0,0,12,2,2,2,0
27,0,0,0,12,2,2,2,0
50,0,0,0,18,2,3,1,0
29,0,0,0,16,1,4,2,0
33,0,0,0,24,2,2,1,0
25,0,0,0,18,2,2,0,1
19,1,0,0,24,2,1,0,0
39,0,0,0,23,3,4,0,0
37,0,0,0,24,2,3,2,0
25,0,0,0,24,2,3,7,0
28,1,3,0,24,2,3,2,0
39,0,1,0,24,2,2,2,0
28,0,0,0,18,2,2,6,0
41,1,0,0,18,2,4,1,0
37,0,3,0,5,1,3,4,0
25,0,0,0,24,2,2,2,0
27,1,3,0,24,2,2,0,0
34,0,0,0,24,2,5,2,0
27,1,0,0,20,3,2,2,0
27,1,0,0,12,2,2,2,0
51,0,0,0,24,2,3,5,0
28,0,0,0,24,2,3,0,0
24,1,0,0,6,4,2,4,1
32,0,1,0,5,1,2,0,0
27,0,0,0,20,3,3,0,0
29,0,1,0,7,2,4,2,0
25,1,3,0,18,2,2,7,0
53,0,0,0,13,0,2,4,1
40,0,3,0,4,1,5,7,0
43,0,0,0,24,2,2,1,0
34,0,0,0,24,2,3,1,0
28,0,0,0,18,2,2,0,0
35,0,3,0,24,2,3,0,0
35,0,3,0,5,1,2,0,0
26,0,3,0,12,2,2,0,0
28,0,0,0,24,2,3,0,0
26,1,0,0,24,2,3,0,0
35,0,3,0,15,3,3,1,0
29,0,3,0,14,1,3,1,0
24,1,3,0,19,1,2,4,0
43,1,0,0,24,2,3,0,0
44,1,0,0,24,2,2,0,0
29,0,0,0,12,2,3,2,0
31,0,0,0,12,2,3,2,0
23,1,3,0,24,2,1,0,1
33,0,0,0,23,3,5,7,0
26,0,0,0,24,2,3,2,0
24,1,1,0,18,2,1,0,0
28,0,0,0,12,2,2,0,0
38,0,0,0,24,2,4,0,0
19,0,6,0,24,2,1,0,1
31,0,0,0,15,3,2,2,0
25,0,0,0,15,3,2,2,0
32,0,3,0,24,2,4,0,1
40,0,0,0,24,2,5,3,0
28,0,0,0,15,3,2,0,0
22,0,0,0,24,2,2,2,0
31,0,0,0,24,2,5,0,0
31,0,0,0,24,2,2,2,0
24,1,3,0,12,2,3,1,0
35,1,0,0,20,3,5,3,0
30,0,3,0,6,4,1,0,0
29,0,5,0,3,0,2,0,0
29,0,0,0,24,2,2,2,0
34,0,0,0,12,2,2,0,0
36,0,3,0,5,1,4,0,0
24,0,3,0,23,3,2,1,0
27,0,0,0,24,2,2,0,0
28,0,0,0,12,2,2,0,0
25,1,0,0,12,2,2,1,0
26,0,0,0,15,3,2,0,0
30,0,0,0,24,2,2,1,0
28,0,0,0,18,2,2,0,0
25,0,3,0,16,1,4,0,0
34,0,0,0,15,3,2,0,1
26,0,0,0,24,2,2,1,0
27,1,0,0,5,1,5,6,0
28,1,0,0,24,2,3,5,0
33,0,0,0,23,3,3,0,0
26,0,0,0,4,1,1,0,0
33,0,0,0,18,2,2,2,1
33,0,0,0,12,2,3,6,0
53,1,0,0,12,2,3,7,0
24,0,3,0,9,1,1,1,1
45,1,3,0,4,1,3,5,0
33,1,0,0,18,2,5,4,0
31,1,0,0,20,3,4,6,0
36,0,0,0,8,4,4,1,0
32,0,2,0,24,2,4,2,0
43,0,0,0,18,2,3,5,0
24,0,0,0,16,1,2,2,0
26,0,0,0,24,2,2,0,0
32,0,0,0,12,2,4,2,0
36,0,3,0,24,2,4,0,0
28,0,3,0,4,1,3,1,0
35,0,1,0,12,2,3,0,0
37,1,0,0,6,4,3,0,0
42,1,0,0,24,2,4,7,1
27,0,0,0,23,3,1,2,0
36,0,0,0,18,2,3,0,0
40,0,3,0,18,2,2,0,0
23,0,3,0,24,2,1,0,0
35,1,0,0,24,2,2,0,1
26,0,0,0,15,3,2,2,0
25,0,0,0,15,3,2,0,0
27,1,0,0,18,2,4,1,0
35,0,0,0,24,2,3,5,0
40,0,0,0,24,2,3,0,0
32,1,0,0,18,2,2,2,0
31,0,1,0,18,2,3,0,0
21,0,0,0,24,2,1,0,0
34,0,3,0,12,2,3,2,0
43,0,3,0,8,4,3,0,0
26,0,0,0,18,2,1,2,0
27,0,2,0,24,2,3,0,0
35,0,3,0,4,1,3,1,0
29,0,0,0,18,2,2,4,0
41,0,0,0,20,3,4,1,0
26,0,0,0,15,3,1,0,1
29,0,0,0,13,0,3,0,0
23,1,0,0,15,3,2,2,0
31,0,0,0,24,2,4,1,0
44,1,0,0,6,4,4,4,0
34,1,0,0,24,2,1,0,0
36,1,3,0,23,3,3,1,0
27,0,3,0,24,2,3,2,0
31,1,2,0,24,2,2,2,0
28,0,0,0,24,2,3,1,0
50,0,3,0,18,2,3,0,1
28,0,3,0,14,1,3,0,0
28,0,3,0,24,2,1,0,0
37,0,0,0,24,2,3,0,0
22,1,0,0,18,2,2,4,0
54,1,3,0,24,2,3,0,0
22,0,0,0,24,2,2,0,0
28,0,0,0,15,3,3,1,0
23,0,0,0,15,3,3,0,0
32,0,0,0,15,3,3,0,0
33,1,0,0,18,2,3,0,0
27,0,0,0,24,2,3,1,0
28,0,3,0,24,2,2,2,0
27,0,0,0,24,2,2,5,0
29,1,0,0,24,2,4,0,0
32,0,5,0,23,3,2,0,0
23,0,1,0,24,2,2,5,0
42,1,0,0,14,1,3,0,0
35,0,3,0,12,2,2,0,0
26,0,0,0,14,1,4,0,0
33,0,1,0,4,1,1,0,1
36,1,0,0,15,3,4,7,0
33,1,0,0,24,2,3,1,0
37,0,0,0,7,2,3,5,0
21,1,0,0,24,2,1,0,0
30,1,0,0,24,2,3,0,0
30,0,0,0,20,3,3,2,0
29,1,3,0,11,4,2,2,1
23,0,0,0,15,3,1,2,0
22,0,1,0,14,1,1,2,0
39,0,0,0,12,2,3,0,1
34,0,0,0,14,1,4,6,0
32,0,0,0,24,2,5,4,0
37,0,1,0,24,2,2,0,0
44,0,0,0,18,2,3,1,0
22,0,0,0,24,2,1,0,0
28,0,0,0,18,2,2,4,0
40,1,0,0,12,2,2,0,1
26,0,0,0,24,2,2,2,0
27,0,3,0,24,2,2,4,0
31,0,3,1,16,1,4,2,0
24,0,0,0,24,2,1,0,0
30,1,2,0,18,2,1,2,0
28,0,0,0,24,2,3,0,0
21,0,0,0,12,2,1,2,1
34,1,0,0,24,2,3,0,0
37,1,3,0,6,4,3,0,0
52,0,0,0,18,2,3,0,0
31,0,0,0,12,2,4,2,0
34,0,3,0,12,2,1,0,0
31,0,3,0,15,3,2,0,0
50,1,0,0,18,2,4,4,0
24,0,0,0,5,1,1,0,0
31,1,0,0,14,1,4,0,0
30,0,0,0,15,3,4,1,0
30,0,0,0,24,2,3,0,0
40,0,0,0,23,3,3,0,0
24,0,0,0,12,2,4,3,0
42,0,0,0,23,3,3,1,0
28,0,0,0,24,2,3,2,0
42,0,3,0,24,2,2,2,0
27,1,0,0,24,2,1,0,1
26,1,3,0,24,2,1,0,0
25,0,3,0,18,2,1,4,1
28,0,2,0,12,2,2,0,1
23,1,3,0,7,2,1,0,0
54,0,0,0,12,2,1,0,0
35,0,0,0,20,3,2,0,0
40,0,0,0,15,3,4,2,0
29,0,3,1,9,1,1,0,0
33,0,1,0,24,2,3,1,0
23,0,0,0,24,2,1,0,0
27,1,0,0,20,3,2,2,0
31,0,0,0,7,2,3,2,0
35,0,1,0,24,2,3,0,0
32,0,0,0,24,2,3,0,0
38,0,3,0,24,2,3,0,0
35,1,0,0,12,2,2,4,0
28,0,3,0,16,1,3,2,0
44,0,0,0,24,2,1,0,0
41,0,3,0,16,1,4,0,0
23,0,0,0,18,2,2,0,0
25,1,3,0,3,0,2,2,0
38,0,0,0,24,2,3,0,0
27,0,0,0,24,2,2,0,0
31,0,3,0,18,2,2,0,0
27,0,0,0,24,2,2,2,0
41,0,0,0,24,2,2,0,0
21,1,3,0,24,2,1,0,0
37,0,0,0,12,2,3,4,0
35,0,0,0,4,1,3,0,0
33,0,0,0,18,2,2,1,1
38,0,0,0,16,1,2,1,0
37,0,0,0,24,2,3,1,0
29,0,0,0,12,2,3,2,0
24,0,3,0,12,2,1,0,0
40,0,0,0,24,2,3,2,0
42,0,0,1,10,4,3,0,0
32,0,0,0,24,2,3,3,0
57,0,2,0,24,2,2,4,1
32,0,0,0,24,2,2,0,0
32,0,0,0,24,2,2,0,0
40,1,0,0,18,2,3,0,0
35,0,0,0,24,2,5,3,0
26,0,3,0,24,2,2,1,0
20,0,0,0,24,2,2,0,0
26,0,3,0,14,1,4,6,0
45,0,0,0,10,4,4,0,0
57,0,0,0,24,2,3,0,1
33,1,0,0,24,2,1,0,1
42,1,0,0,24,2,4,2,0
53,0,3,0,10,4,5,3,0
31,0,0,0,24,2,3,2,0
39,0,0,1,24,2,3,0,0
37,0,0,0,24,2,3,0,0
25,1,0,0,24,2,2,6,0
22,0,0,0,24,2,1,2,0
24,0,2,0,12,2,1,2,0
26,0,3,0,12,2,1,0,0
27,0,0,0,24,2,2,2,0
37,0,1,0,15,3,2,0,0
34,0,0,0,18,2,4,3,0
28,1,0,0,18,2,2,1,0
26,0,0,0,15,3,1,0,0
35,0,0,0,24,2,2,1,0
43,0,5,0,6,4,4,4,0
31,0,0,0,12,2,2,4,0
33,0,3,0,24,2,2,0,0
30,0,3,0,24,2,5,0,0
37,0,3,0,15,3,3,0,0
32,0,6,0,18,2,3,2,0
31,0,1,0,4,1,4,2,0
31,1,0,0,16,1,1,1,0
64,0,0,0,12,2,3,1,1
33,0,0,0,24,2,3,0,0
29,0,0,0,20,3,2,2,0
36,0,0,0,24,2,3,0,0
22,0,0,0,15,3,1,0,1
25,0,3,0,3,0,2,2,0
26,0,3,0,18,2,1,0,0
29,0,0,0,24,2,3,0,0
32,0,0,0,24,2,2,2,0
23,0,0,0,24,2,1,0,0
29,0,0,0,8,4,3,0,0
36,0,0,0,24,2,2,1,0
28,0,2,0,24,2,2,2,0
43,0,3,0,6,4,4,4,0
30,0,3,0,4,1,2,4,0
30,0,0,0,24,2,3,2,0
45,0,0,0,8,4,2,0,0
21,0,0,0,24,2,1,0,0
38,1,0,0,24,2,1,0,1
37,1,0,0,15,3,4,2,0
30,0,0,0,18,2,3,1,0
31,1,0,0,14,1,3,5,0
32,0,0,0,20,3,3,0,0
26,0,0,0,19,1,4,2,0
29,0,0,0,24,2,2,2,0
31,1,3,0,18,2,2,2,0
26,0,3,0,1,1,2,2,0
26,0,3,0,7,2,2,0,0
27,0,3,0,8,4,2,2,0
27,0,2,0,24,2,3,0,0
22,1,3,0,15,3,2,1,1
25,1,0,0,23,3,5,3,1
43,0,0,0,6,4,3,0,0
19,0,1,0,24,2,1,0,0
35,0,0,0,23,3,4,0,0
24,1,0,0,4,1,2,2,0
33,1,0,0,12,2,2,2,0
22,1,3,1,20,3,1,0,0
28,0,0,0,24,2,3,2,0
30,0,0,0,24,2,4,4,0
39,0,0,0,24,2,3,0,0
27,0,0,0,24,2,2,2,0
44,0,0,0,24,2,3,1,0
24,0,2,0,24,2,2,0,0
27,1,3,0,24,2,1,2,0
28,0,0,0,24,2,3,0,0
27,0,0,0,23,3,1,0,0
41,0,0,0,20,3,3,1,0
29,0,0,0,24,2,4,4,0
45,0,0,0,3,0,3,0,0
25,0,0,0,24,2,2,0,0
31,0,3,1,16,1,3,0,0
35,0,0,0,12,2,2,0,0
45,0,0,0,8,4,2,0,0
34,0,3,0,24,2,3,1,0
36,1,0,1,12,2,5,5,0
37,0,0,0,5,1,3,1,0
33,0,2,0,24,2,3,2,0
31,0,1,0,16,1,3,0,0
36,0,0,0,24,2,3,0,0
26,0,0,0,12,2,2,0,0
24,0,0,0,15,3,2,0,1
32,0,0,0,19,1,2,6,0
36,1,3,0,24,2,3,1,0
34,1,0,0,12,2,4,0,0
23,0,3,0,8,4,2,0,0
30,0,0,0,20,3,2,1,0
34,0,0,0,4,1,3,0,1
27,1,3,0,7,2,2,2,0
37,0,0,0,12,2,3,0,0
28,0,0,0,24,2,2,3,0
34,0,1,0,12,2,3,0,0
32,0,0,0,19,1,2,2,0
25,0,0,0,24,2,2,5,0
31,0,3,0,24,2,1,0,1
31,0,2,0,24,2,3,0,1
